cell_id,table_id,arity,scope,cell,target
1,1,1,A0,A0=v0,11
2,1,1,A0,A0=v1,461
3,1,1,A0,A0=v2,28
4,2,1,A1,A1=v0,244
5,2,1,A1,A1=v1,2
6,2,1,A1,A1=v2,254
7,3,1,A2,A2=v0,94
8,3,1,A2,A2=v1,8
9,3,1,A2,A2=v2,398
10,4,1,A3,A3=v0,347
11,4,1,A3,A3=v1,11
12,4,1,A3,A3=v2,142
13,5,1,A4,A4=v0,99
14,5,1,A4,A4=v1,313
15,5,1,A4,A4=v2,88
16,6,1,A5,A5=v0,177
17,6,1,A5,A5=v1,278
18,6,1,A5,A5=v2,45
19,7,1,A6,A6=v0,27
20,7,1,A6,A6=v1,19
21,7,1,A6,A6=v2,454
22,8,1,A7,A7=v0,352
23,8,1,A7,A7=v1,134
24,8,1,A7,A7=v2,14
25,9,1,A8,A8=v0,10
26,9,1,A8,A8=v1,490
27,9,1,A8,A8=v2,0
28,10,1,A9,A9=v0,251
29,10,1,A9,A9=v1,141
30,10,1,A9,A9=v2,108
31,11,1,A10,A10=v0,48
32,11,1,A10,A10=v1,4
33,11,1,A10,A10=v2,448
34,12,1,A11,A11=v0,70
35,12,1,A11,A11=v1,261
36,12,1,A11,A11=v2,169
37,13,2,A0|A1,A0=v0;A1=v0,7
38,13,2,A0|A1,A0=v0;A1=v1,1
39,13,2,A0|A1,A0=v0;A1=v2,3
40,13,2,A0|A1,A0=v1;A1=v0,214
41,13,2,A0|A1,A0=v1;A1=v1,1
42,13,2,A0|A1,A0=v1;A1=v2,246
43,13,2,A0|A1,A0=v2;A1=v0,23
44,13,2,A0|A1,A0=v2;A1=v1,0
45,13,2,A0|A1,A0=v2;A1=v2,5
46,14,2,A0|A2,A0=v0;A2=v0,6
47,14,2,A0|A2,A0=v0;A2=v1,0
48,14,2,A0|A2,A0=v0;A2=v2,5
49,14,2,A0|A2,A0=v1;A2=v0,83
50,14,2,A0|A2,A0=v1;A2=v1,8
51,14,2,A0|A2,A0=v1;A2=v2,370
52,14,2,A0|A2,A0=v2;A2=v0,5
53,14,2,A0|A2,A0=v2;A2=v1,0
54,14,2,A0|A2,A0=v2;A2=v2,23
55,15,2,A0|A4,A0=v0;A4=v0,0
56,15,2,A0|A4,A0=v0;A4=v1,4
57,15,2,A0|A4,A0=v0;A4=v2,7
58,15,2,A0|A4,A0=v1;A4=v0,98
59,15,2,A0|A4,A0=v1;A4=v1,300
60,15,2,A0|A4,A0=v1;A4=v2,63
61,15,2,A0|A4,A0=v2;A4=v0,1
62,15,2,A0|A4,A0=v2;A4=v1,9
63,15,2,A0|A4,A0=v2;A4=v2,18
64,16,2,A0|A9,A0=v0;A9=v0,5
65,16,2,A0|A9,A0=v0;A9=v1,3
66,16,2,A0|A9,A0=v0;A9=v2,3
67,16,2,A0|A9,A0=v1;A9=v0,241
68,16,2,A0|A9,A0=v1;A9=v1,123
69,16,2,A0|A9,A0=v1;A9=v2,97
70,16,2,A0|A9,A0=v2;A9=v0,5
71,16,2,A0|A9,A0=v2;A9=v1,15
72,16,2,A0|A9,A0=v2;A9=v2,8
73,17,2,A1|A2,A1=v0;A2=v0,72
74,17,2,A1|A2,A1=v0;A2=v1,5
75,17,2,A1|A2,A1=v0;A2=v2,167
76,17,2,A1|A2,A1=v1;A2=v0,1
77,17,2,A1|A2,A1=v1;A2=v1,0
78,17,2,A1|A2,A1=v1;A2=v2,1
79,17,2,A1|A2,A1=v2;A2=v0,21
80,17,2,A1|A2,A1=v2;A2=v1,3
81,17,2,A1|A2,A1=v2;A2=v2,230
82,18,2,A1|A10,A1=v0;A10=v0,32
83,18,2,A1|A10,A1=v0;A10=v1,0
84,18,2,A1|A10,A1=v0;A10=v2,212
85,18,2,A1|A10,A1=v1;A10=v0,0
86,18,2,A1|A10,A1=v1;A10=v1,0
87,18,2,A1|A10,A1=v1;A10=v2,2
88,18,2,A1|A10,A1=v2;A10=v0,16
89,18,2,A1|A10,A1=v2;A10=v1,4
90,18,2,A1|A10,A1=v2;A10=v2,234
91,19,2,A1|A11,A1=v0;A11=v0,42
92,19,2,A1|A11,A1=v0;A11=v1,54
93,19,2,A1|A11,A1=v0;A11=v2,148
94,19,2,A1|A11,A1=v1;A11=v0,1
95,19,2,A1|A11,A1=v1;A11=v1,1
96,19,2,A1|A11,A1=v1;A11=v2,0
97,19,2,A1|A11,A1=v2;A11=v0,27
98,19,2,A1|A11,A1=v2;A11=v1,206
99,19,2,A1|A11,A1=v2;A11=v2,21
100,20,2,A3|A4,A3=v0;A4=v0,92
101,20,2,A3|A4,A3=v0;A4=v1,212
102,20,2,A3|A4,A3=v0;A4=v2,43
103,20,2,A3|A4,A3=v1;A4=v0,2
104,20,2,A3|A4,A3=v1;A4=v1,2
105,20,2,A3|A4,A3=v1;A4=v2,7
106,20,2,A3|A4,A3=v2;A4=v0,5
107,20,2,A3|A4,A3=v2;A4=v1,99
108,20,2,A3|A4,A3=v2;A4=v2,38
109,21,2,A3|A5,A3=v0;A5=v0,171
110,21,2,A3|A5,A3=v0;A5=v1,140
111,21,2,A3|A5,A3=v0;A5=v2,36
112,21,2,A3|A5,A3=v1;A5=v0,4
113,21,2,A3|A5,A3=v1;A5=v1,6
114,21,2,A3|A5,A3=v1;A5=v2,1
115,21,2,A3|A5,A3=v2;A5=v0,2
116,21,2,A3|A5,A3=v2;A5=v1,132
117,21,2,A3|A5,A3=v2;A5=v2,8
118,22,2,A3|A7,A3=v0;A7=v0,252
119,22,2,A3|A7,A3=v0;A7=v1,83
120,22,2,A3|A7,A3=v0;A7=v2,12
121,22,2,A3|A7,A3=v1;A7=v0,5
122,22,2,A3|A7,A3=v1;A7=v1,6
123,22,2,A3|A7,A3=v1;A7=v2,0
124,22,2,A3|A7,A3=v2;A7=v0,95
125,22,2,A3|A7,A3=v2;A7=v1,45
126,22,2,A3|A7,A3=v2;A7=v2,2
127,23,2,A3|A8,A3=v0;A8=v0,8
128,23,2,A3|A8,A3=v0;A8=v1,339
129,23,2,A3|A8,A3=v0;A8=v2,0
130,23,2,A3|A8,A3=v1;A8=v0,0
131,23,2,A3|A8,A3=v1;A8=v1,11
132,23,2,A3|A8,A3=v1;A8=v2,0
133,23,2,A3|A8,A3=v2;A8=v0,2
134,23,2,A3|A8,A3=v2;A8=v1,140
135,23,2,A3|A8,A3=v2;A8=v2,0
136,24,2,A3|A9,A3=v0;A9=v0,127
137,24,2,A3|A9,A3=v0;A9=v1,130
138,24,2,A3|A9,A3=v0;A9=v2,90
139,24,2,A3|A9,A3=v1;A9=v0,5
140,24,2,A3|A9,A3=v1;A9=v1,0
141,24,2,A3|A9,A3=v1;A9=v2,6
142,24,2,A3|A9,A3=v2;A9=v0,119
143,24,2,A3|A9,A3=v2;A9=v1,11
144,24,2,A3|A9,A3=v2;A9=v2,12
145,25,2,A3|A11,A3=v0;A11=v0,30
146,25,2,A3|A11,A3=v0;A11=v1,186
147,25,2,A3|A11,A3=v0;A11=v2,131
148,25,2,A3|A11,A3=v1;A11=v0,0
149,25,2,A3|A11,A3=v1;A11=v1,2
150,25,2,A3|A11,A3=v1;A11=v2,9
151,25,2,A3|A11,A3=v2;A11=v0,40
152,25,2,A3|A11,A3=v2;A11=v1,73
153,25,2,A3|A11,A3=v2;A11=v2,29
154,26,2,A4|A8,A4=v0;A8=v0,0
155,26,2,A4|A8,A4=v0;A8=v1,99
156,26,2,A4|A8,A4=v0;A8=v2,0
157,26,2,A4|A8,A4=v1;A8=v0,3
158,26,2,A4|A8,A4=v1;A8=v1,310
159,26,2,A4|A8,A4=v1;A8=v2,0
160,26,2,A4|A8,A4=v2;A8=v0,7
161,26,2,A4|A8,A4=v2;A8=v1,81
162,26,2,A4|A8,A4=v2;A8=v2,0
163,27,2,A4|A9,A4=v0;A9=v0,3
164,27,2,A4|A9,A4=v0;A9=v1,31
165,27,2,A4|A9,A4=v0;A9=v2,65
166,27,2,A4|A9,A4=v1;A9=v0,206
167,27,2,A4|A9,A4=v1;A9=v1,78
168,27,2,A4|A9,A4=v1;A9=v2,29
169,27,2,A4|A9,A4=v2;A9=v0,42
170,27,2,A4|A9,A4=v2;A9=v1,32
171,27,2,A4|A9,A4=v2;A9=v2,14
172,28,2,A5|A7,A5=v0;A7=v0,131
173,28,2,A5|A7,A5=v0;A7=v1,35
174,28,2,A5|A7,A5=v0;A7=v2,11
175,28,2,A5|A7,A5=v1;A7=v0,192
176,28,2,A5|A7,A5=v1;A7=v1,84
177,28,2,A5|A7,A5=v1;A7=v2,2
178,28,2,A5|A7,A5=v2;A7=v0,29
179,28,2,A5|A7,A5=v2;A7=v1,15
180,28,2,A5|A7,A5=v2;A7=v2,1
181,29,2,A5|A8,A5=v0;A8=v0,4
182,29,2,A5|A8,A5=v0;A8=v1,173
183,29,2,A5|A8,A5=v0;A8=v2,0
184,29,2,A5|A8,A5=v1;A8=v0,6
185,29,2,A5|A8,A5=v1;A8=v1,272
186,29,2,A5|A8,A5=v1;A8=v2,0
187,29,2,A5|A8,A5=v2;A8=v0,0
188,29,2,A5|A8,A5=v2;A8=v1,45
189,29,2,A5|A8,A5=v2;A8=v2,0
190,30,2,A5|A11,A5=v0;A11=v0,25
191,30,2,A5|A11,A5=v0;A11=v1,61
192,30,2,A5|A11,A5=v0;A11=v2,91
193,30,2,A5|A11,A5=v1;A11=v0,41
194,30,2,A5|A11,A5=v1;A11=v1,173
195,30,2,A5|A11,A5=v1;A11=v2,64
196,30,2,A5|A11,A5=v2;A11=v0,4
197,30,2,A5|A11,A5=v2;A11=v1,27
198,30,2,A5|A11,A5=v2;A11=v2,14
199,31,2,A6|A11,A6=v0;A11=v0,9
200,31,2,A6|A11,A6=v0;A11=v1,7
201,31,2,A6|A11,A6=v0;A11=v2,11
202,31,2,A6|A11,A6=v1;A11=v0,3
203,31,2,A6|A11,A6=v1;A11=v1,4
204,31,2,A6|A11,A6=v1;A11=v2,12
205,31,2,A6|A11,A6=v2;A11=v0,58
206,31,2,A6|A11,A6=v2;A11=v1,250
207,31,2,A6|A11,A6=v2;A11=v2,146
208,32,2,A9|A11,A9=v0;A11=v0,39
209,32,2,A9|A11,A9=v0;A11=v1,183
210,32,2,A9|A11,A9=v0;A11=v2,29
211,32,2,A9|A11,A9=v1;A11=v0,18
212,32,2,A9|A11,A9=v1;A11=v1,48
213,32,2,A9|A11,A9=v1;A11=v2,75
214,32,2,A9|A11,A9=v2;A11=v0,13
215,32,2,A9|A11,A9=v2;A11=v1,30
216,32,2,A9|A11,A9=v2;A11=v2,65
217,33,3,A0|A1|A6,A0=v0;A1=v0;A6=v0,3
218,33,3,A0|A1|A6,A0=v0;A1=v0;A6=v1,3
219,33,3,A0|A1|A6,A0=v0;A1=v0;A6=v2,1
220,33,3,A0|A1|A6,A0=v0;A1=v1;A6=v0,1
221,33,3,A0|A1|A6,A0=v0;A1=v1;A6=v1,0
222,33,3,A0|A1|A6,A0=v0;A1=v1;A6=v2,0
223,33,3,A0|A1|A6,A0=v0;A1=v2;A6=v0,0
224,33,3,A0|A1|A6,A0=v0;A1=v2;A6=v1,1
225,33,3,A0|A1|A6,A0=v0;A1=v2;A6=v2,2
226,33,3,A0|A1|A6,A0=v1;A1=v0;A6=v0,18
227,33,3,A0|A1|A6,A0=v1;A1=v0;A6=v1,6
228,33,3,A0|A1|A6,A0=v1;A1=v0;A6=v2,190
229,33,3,A0|A1|A6,A0=v1;A1=v1;A6=v0,0
230,33,3,A0|A1|A6,A0=v1;A1=v1;A6=v1,0
231,33,3,A0|A1|A6,A0=v1;A1=v1;A6=v2,1
232,33,3,A0|A1|A6,A0=v1;A1=v2;A6=v0,1
233,33,3,A0|A1|A6,A0=v1;A1=v2;A6=v1,3
234,33,3,A0|A1|A6,A0=v1;A1=v2;A6=v2,242
235,33,3,A0|A1|A6,A0=v2;A1=v0;A6=v0,4
236,33,3,A0|A1|A6,A0=v2;A1=v0;A6=v1,4
237,33,3,A0|A1|A6,A0=v2;A1=v0;A6=v2,15
238,33,3,A0|A1|A6,A0=v2;A1=v1;A6=v0,0
239,33,3,A0|A1|A6,A0=v2;A1=v1;A6=v1,0
240,33,3,A0|A1|A6,A0=v2;A1=v1;A6=v2,0
241,33,3,A0|A1|A6,A0=v2;A1=v2;A6=v0,0
242,33,3,A0|A1|A6,A0=v2;A1=v2;A6=v1,2
243,33,3,A0|A1|A6,A0=v2;A1=v2;A6=v2,3
244,34,3,A0|A1|A7,A0=v0;A1=v0;A7=v0,6
245,34,3,A0|A1|A7,A0=v0;A1=v0;A7=v1,1
246,34,3,A0|A1|A7,A0=v0;A1=v0;A7=v2,0
247,34,3,A0|A1|A7,A0=v0;A1=v1;A7=v0,0
248,34,3,A0|A1|A7,A0=v0;A1=v1;A7=v1,1
249,34,3,A0|A1|A7,A0=v0;A1=v1;A7=v2,0
250,34,3,A0|A1|A7,A0=v0;A1=v2;A7=v0,2
251,34,3,A0|A1|A7,A0=v0;A1=v2;A7=v1,1
252,34,3,A0|A1|A7,A0=v0;A1=v2;A7=v2,0
253,34,3,A0|A1|A7,A0=v1;A1=v0;A7=v0,138
254,34,3,A0|A1|A7,A0=v1;A1=v0;A7=v1,66
255,34,3,A0|A1|A7,A0=v1;A1=v0;A7=v2,10
256,34,3,A0|A1|A7,A0=v1;A1=v1;A7=v0,0
257,34,3,A0|A1|A7,A0=v1;A1=v1;A7=v1,1
258,34,3,A0|A1|A7,A0=v1;A1=v1;A7=v2,0
259,34,3,A0|A1|A7,A0=v1;A1=v2;A7=v0,183
260,34,3,A0|A1|A7,A0=v1;A1=v2;A7=v1,60
261,34,3,A0|A1|A7,A0=v1;A1=v2;A7=v2,3
262,34,3,A0|A1|A7,A0=v2;A1=v0;A7=v0,19
263,34,3,A0|A1|A7,A0=v2;A1=v0;A7=v1,3
264,34,3,A0|A1|A7,A0=v2;A1=v0;A7=v2,1
265,34,3,A0|A1|A7,A0=v2;A1=v1;A7=v0,0
266,34,3,A0|A1|A7,A0=v2;A1=v1;A7=v1,0
267,34,3,A0|A1|A7,A0=v2;A1=v1;A7=v2,0
268,34,3,A0|A1|A7,A0=v2;A1=v2;A7=v0,4
269,34,3,A0|A1|A7,A0=v2;A1=v2;A7=v1,1
270,34,3,A0|A1|A7,A0=v2;A1=v2;A7=v2,0
271,35,3,A1|A3|A8,A1=v0;A3=v0;A8=v0,1
272,35,3,A1|A3|A8,A1=v0;A3=v0;A8=v1,186
273,35,3,A1|A3|A8,A1=v0;A3=v0;A8=v2,0
274,35,3,A1|A3|A8,A1=v0;A3=v1;A8=v0,0
275,35,3,A1|A3|A8,A1=v0;A3=v1;A8=v1,10
276,35,3,A1|A3|A8,A1=v0;A3=v1;A8=v2,0
277,35,3,A1|A3|A8,A1=v0;A3=v2;A8=v0,2
278,35,3,A1|A3|A8,A1=v0;A3=v2;A8=v1,45
279,35,3,A1|A3|A8,A1=v0;A3=v2;A8=v2,0
280,35,3,A1|A3|A8,A1=v1;A3=v0;A8=v0,0
281,35,3,A1|A3|A8,A1=v1;A3=v0;A8=v1,1
282,35,3,A1|A3|A8,A1=v1;A3=v0;A8=v2,0
283,35,3,A1|A3|A8,A1=v1;A3=v1;A8=v0,0
284,35,3,A1|A3|A8,A1=v1;A3=v1;A8=v1,0
285,35,3,A1|A3|A8,A1=v1;A3=v1;A8=v2,0
286,35,3,A1|A3|A8,A1=v1;A3=v2;A8=v0,0
287,35,3,A1|A3|A8,A1=v1;A3=v2;A8=v1,1
288,35,3,A1|A3|A8,A1=v1;A3=v2;A8=v2,0
289,35,3,A1|A3|A8,A1=v2;A3=v0;A8=v0,7
290,35,3,A1|A3|A8,A1=v2;A3=v0;A8=v1,152
291,35,3,A1|A3|A8,A1=v2;A3=v0;A8=v2,0
292,35,3,A1|A3|A8,A1=v2;A3=v1;A8=v0,0
293,35,3,A1|A3|A8,A1=v2;A3=v1;A8=v1,1
294,35,3,A1|A3|A8,A1=v2;A3=v1;A8=v2,0
295,35,3,A1|A3|A8,A1=v2;A3=v2;A8=v0,0
296,35,3,A1|A3|A8,A1=v2;A3=v2;A8=v1,94
297,35,3,A1|A3|A8,A1=v2;A3=v2;A8=v2,0
298,36,3,A2|A4|A7,A2=v0;A4=v0;A7=v0,11
299,36,3,A2|A4|A7,A2=v0;A4=v0;A7=v1,16
300,36,3,A2|A4|A7,A2=v0;A4=v0;A7=v2,1
301,36,3,A2|A4|A7,A2=v0;A4=v1;A7=v0,7
302,36,3,A2|A4|A7,A2=v0;A4=v1;A7=v1,16
303,36,3,A2|A4|A7,A2=v0;A4=v1;A7=v2,0
304,36,3,A2|A4|A7,A2=v0;A4=v2;A7=v0,22
305,36,3,A2|A4|A7,A2=v0;A4=v2;A7=v1,21
306,36,3,A2|A4|A7,A2=v0;A4=v2;A7=v2,0
307,36,3,A2|A4|A7,A2=v1;A4=v0;A7=v0,0
308,36,3,A2|A4|A7,A2=v1;A4=v0;A7=v1,0
309,36,3,A2|A4|A7,A2=v1;A4=v0;A7=v2,0
310,36,3,A2|A4|A7,A2=v1;A4=v1;A7=v0,1
311,36,3,A2|A4|A7,A2=v1;A4=v1;A7=v1,0
312,36,3,A2|A4|A7,A2=v1;A4=v1;A7=v2,1
313,36,3,A2|A4|A7,A2=v1;A4=v2;A7=v0,5
314,36,3,A2|A4|A7,A2=v1;A4=v2;A7=v1,1
315,36,3,A2|A4|A7,A2=v1;A4=v2;A7=v2,0
316,36,3,A2|A4|A7,A2=v2;A4=v0;A7=v0,49
317,36,3,A2|A4|A7,A2=v2;A4=v0;A7=v1,15
318,36,3,A2|A4|A7,A2=v2;A4=v0;A7=v2,7
319,36,3,A2|A4|A7,A2=v2;A4=v1;A7=v0,222
320,36,3,A2|A4|A7,A2=v2;A4=v1;A7=v1,61
321,36,3,A2|A4|A7,A2=v2;A4=v1;A7=v2,5
322,36,3,A2|A4|A7,A2=v2;A4=v2;A7=v0,35
323,36,3,A2|A4|A7,A2=v2;A4=v2;A7=v1,4
324,36,3,A2|A4|A7,A2=v2;A4=v2;A7=v2,0
325,37,3,A2|A5|A11,A2=v0;A5=v0;A11=v0,4
326,37,3,A2|A5|A11,A2=v0;A5=v0;A11=v1,2
327,37,3,A2|A5|A11,A2=v0;A5=v0;A11=v2,15
328,37,3,A2|A5|A11,A2=v0;A5=v1;A11=v0,26
329,37,3,A2|A5|A11,A2=v0;A5=v1;A11=v1,15
330,37,3,A2|A5|A11,A2=v0;A5=v1;A11=v2,28
331,37,3,A2|A5|A11,A2=v0;A5=v2;A11=v0,1
332,37,3,A2|A5|A11,A2=v0;A5=v2;A11=v1,1
333,37,3,A2|A5|A11,A2=v0;A5=v2;A11=v2,2
334,37,3,A2|A5|A11,A2=v1;A5=v0;A11=v0,0
335,37,3,A2|A5|A11,A2=v1;A5=v0;A11=v1,6
336,37,3,A2|A5|A11,A2=v1;A5=v0;A11=v2,0
337,37,3,A2|A5|A11,A2=v1;A5=v1;A11=v0,0
338,37,3,A2|A5|A11,A2=v1;A5=v1;A11=v1,1
339,37,3,A2|A5|A11,A2=v1;A5=v1;A11=v2,0
340,37,3,A2|A5|A11,A2=v1;A5=v2;A11=v0,0
341,37,3,A2|A5|A11,A2=v1;A5=v2;A11=v1,1
342,37,3,A2|A5|A11,A2=v1;A5=v2;A11=v2,0
343,37,3,A2|A5|A11,A2=v2;A5=v0;A11=v0,21
344,37,3,A2|A5|A11,A2=v2;A5=v0;A11=v1,53
345,37,3,A2|A5|A11,A2=v2;A5=v0;A11=v2,76
346,37,3,A2|A5|A11,A2=v2;A5=v1;A11=v0,15
347,37,3,A2|A5|A11,A2=v2;A5=v1;A11=v1,157
348,37,3,A2|A5|A11,A2=v2;A5=v1;A11=v2,36
349,37,3,A2|A5|A11,A2=v2;A5=v2;A11=v0,3
350,37,3,A2|A5|A11,A2=v2;A5=v2;A11=v1,25
351,37,3,A2|A5|A11,A2=v2;A5=v2;A11=v2,12
352,38,3,A3|A4|A11,A3=v0;A4=v0;A11=v0,16
353,38,3,A3|A4|A11,A3=v0;A4=v0;A11=v1,18
354,38,3,A3|A4|A11,A3=v0;A4=v0;A11=v2,58
355,38,3,A3|A4|A11,A3=v0;A4=v1;A11=v0,12
356,38,3,A3|A4|A11,A3=v0;A4=v1;A11=v1,149
357,38,3,A3|A4|A11,A3=v0;A4=v1;A11=v2,51
358,38,3,A3|A4|A11,A3=v0;A4=v2;A11=v0,2
359,38,3,A3|A4|A11,A3=v0;A4=v2;A11=v1,19
360,38,3,A3|A4|A11,A3=v0;A4=v2;A11=v2,22
361,38,3,A3|A4|A11,A3=v1;A4=v0;A11=v0,0
362,38,3,A3|A4|A11,A3=v1;A4=v0;A11=v1,0
363,38,3,A3|A4|A11,A3=v1;A4=v0;A11=v2,2
364,38,3,A3|A4|A11,A3=v1;A4=v1;A11=v0,0
365,38,3,A3|A4|A11,A3=v1;A4=v1;A11=v1,1
366,38,3,A3|A4|A11,A3=v1;A4=v1;A11=v2,1
367,38,3,A3|A4|A11,A3=v1;A4=v2;A11=v0,0
368,38,3,A3|A4|A11,A3=v1;A4=v2;A11=v1,1
369,38,3,A3|A4|A11,A3=v1;A4=v2;A11=v2,6
370,38,3,A3|A4|A11,A3=v2;A4=v0;A11=v0,3
371,38,3,A3|A4|A11,A3=v2;A4=v0;A11=v1,0
372,38,3,A3|A4|A11,A3=v2;A4=v0;A11=v2,2
373,38,3,A3|A4|A11,A3=v2;A4=v1;A11=v0,23
374,38,3,A3|A4|A11,A3=v2;A4=v1;A11=v1,66
375,38,3,A3|A4|A11,A3=v2;A4=v1;A11=v2,10
376,38,3,A3|A4|A11,A3=v2;A4=v2;A11=v0,14
377,38,3,A3|A4|A11,A3=v2;A4=v2;A11=v1,7
378,38,3,A3|A4|A11,A3=v2;A4=v2;A11=v2,17
379,39,3,A3|A5|A10,A3=v0;A5=v0;A10=v0,23
380,39,3,A3|A5|A10,A3=v0;A5=v0;A10=v1,1
381,39,3,A3|A5|A10,A3=v0;A5=v0;A10=v2,147
382,39,3,A3|A5|A10,A3=v0;A5=v1;A10=v0,8
383,39,3,A3|A5|A10,A3=v0;A5=v1;A10=v1,0
384,39,3,A3|A5|A10,A3=v0;A5=v1;A10=v2,132
385,39,3,A3|A5|A10,A3=v0;A5=v2;A10=v0,3
386,39,3,A3|A5|A10,A3=v0;A5=v2;A10=v1,0
387,39,3,A3|A5|A10,A3=v0;A5=v2;A10=v2,33
388,39,3,A3|A5|A10,A3=v1;A5=v0;A10=v0,1
389,39,3,A3|A5|A10,A3=v1;A5=v0;A10=v1,0
390,39,3,A3|A5|A10,A3=v1;A5=v0;A10=v2,3
391,39,3,A3|A5|A10,A3=v1;A5=v1;A10=v0,0
392,39,3,A3|A5|A10,A3=v1;A5=v1;A10=v1,0
393,39,3,A3|A5|A10,A3=v1;A5=v1;A10=v2,6
394,39,3,A3|A5|A10,A3=v1;A5=v2;A10=v0,0
395,39,3,A3|A5|A10,A3=v1;A5=v2;A10=v1,0
396,39,3,A3|A5|A10,A3=v1;A5=v2;A10=v2,1
397,39,3,A3|A5|A10,A3=v2;A5=v0;A10=v0,1
398,39,3,A3|A5|A10,A3=v2;A5=v0;A10=v1,0
399,39,3,A3|A5|A10,A3=v2;A5=v0;A10=v2,1
400,39,3,A3|A5|A10,A3=v2;A5=v1;A10=v0,12
401,39,3,A3|A5|A10,A3=v2;A5=v1;A10=v1,3
402,39,3,A3|A5|A10,A3=v2;A5=v1;A10=v2,117
403,39,3,A3|A5|A10,A3=v2;A5=v2;A10=v0,0
404,39,3,A3|A5|A10,A3=v2;A5=v2;A10=v1,0
405,39,3,A3|A5|A10,A3=v2;A5=v2;A10=v2,8
406,40,3,A4|A7|A10,A4=v0;A7=v0;A10=v0,12
407,40,3,A4|A7|A10,A4=v0;A7=v0;A10=v1,0
408,40,3,A4|A7|A10,A4=v0;A7=v0;A10=v2,48
409,40,3,A4|A7|A10,A4=v0;A7=v1;A10=v0,1
410,40,3,A4|A7|A10,A4=v0;A7=v1;A10=v1,0
411,40,3,A4|A7|A10,A4=v0;A7=v1;A10=v2,30
412,40,3,A4|A7|A10,A4=v0;A7=v2;A10=v0,3
413,40,3,A4|A7|A10,A4=v0;A7=v2;A10=v1,0
414,40,3,A4|A7|A10,A4=v0;A7=v2;A10=v2,5
415,40,3,A4|A7|A10,A4=v1;A7=v0;A10=v0,23
416,40,3,A4|A7|A10,A4=v1;A7=v0;A10=v1,3
417,40,3,A4|A7|A10,A4=v1;A7=v0;A10=v2,204
418,40,3,A4|A7|A10,A4=v1;A7=v1;A10=v0,3
419,40,3,A4|A7|A10,A4=v1;A7=v1;A10=v1,0
420,40,3,A4|A7|A10,A4=v1;A7=v1;A10=v2,74
421,40,3,A4|A7|A10,A4=v1;A7=v2;A10=v0,2
422,40,3,A4|A7|A10,A4=v1;A7=v2;A10=v1,1
423,40,3,A4|A7|A10,A4=v1;A7=v2;A10=v2,3
424,40,3,A4|A7|A10,A4=v2;A7=v0;A10=v0,4
425,40,3,A4|A7|A10,A4=v2;A7=v0;A10=v1,0
426,40,3,A4|A7|A10,A4=v2;A7=v0;A10=v2,58
427,40,3,A4|A7|A10,A4=v2;A7=v1;A10=v0,0
428,40,3,A4|A7|A10,A4=v2;A7=v1;A10=v1,0
429,40,3,A4|A7|A10,A4=v2;A7=v1;A10=v2,26
430,40,3,A4|A7|A10,A4=v2;A7=v2;A10=v0,0
431,40,3,A4|A7|A10,A4=v2;A7=v2;A10=v1,0
432,40,3,A4|A7|A10,A4=v2;A7=v2;A10=v2,0
433,41,3,A5|A8|A11,A5=v0;A8=v0;A11=v0,0
434,41,3,A5|A8|A11,A5=v0;A8=v0;A11=v1,4
435,41,3,A5|A8|A11,A5=v0;A8=v0;A11=v2,0
436,41,3,A5|A8|A11,A5=v0;A8=v1;A11=v0,25
437,41,3,A5|A8|A11,A5=v0;A8=v1;A11=v1,57
438,41,3,A5|A8|A11,A5=v0;A8=v1;A11=v2,91
439,41,3,A5|A8|A11,A5=v0;A8=v2;A11=v0,0
440,41,3,A5|A8|A11,A5=v0;A8=v2;A11=v1,0
441,41,3,A5|A8|A11,A5=v0;A8=v2;A11=v2,0
442,41,3,A5|A8|A11,A5=v1;A8=v0;A11=v0,1
443,41,3,A5|A8|A11,A5=v1;A8=v0;A11=v1,3
444,41,3,A5|A8|A11,A5=v1;A8=v0;A11=v2,2
445,41,3,A5|A8|A11,A5=v1;A8=v1;A11=v0,40
446,41,3,A5|A8|A11,A5=v1;A8=v1;A11=v1,170
447,41,3,A5|A8|A11,A5=v1;A8=v1;A11=v2,62
448,41,3,A5|A8|A11,A5=v1;A8=v2;A11=v0,0
449,41,3,A5|A8|A11,A5=v1;A8=v2;A11=v1,0
450,41,3,A5|A8|A11,A5=v1;A8=v2;A11=v2,0
451,41,3,A5|A8|A11,A5=v2;A8=v0;A11=v0,0
452,41,3,A5|A8|A11,A5=v2;A8=v0;A11=v1,0
453,41,3,A5|A8|A11,A5=v2;A8=v0;A11=v2,0
454,41,3,A5|A8|A11,A5=v2;A8=v1;A11=v0,4
455,41,3,A5|A8|A11,A5=v2;A8=v1;A11=v1,27
456,41,3,A5|A8|A11,A5=v2;A8=v1;A11=v2,14
457,41,3,A5|A8|A11,A5=v2;A8=v2;A11=v0,0
458,41,3,A5|A8|A11,A5=v2;A8=v2;A11=v1,0
459,41,3,A5|A8|A11,A5=v2;A8=v2;A11=v2,0
460,42,3,A6|A8|A10,A6=v0;A8=v0;A10=v0,1
461,42,3,A6|A8|A10,A6=v0;A8=v0;A10=v1,0
462,42,3,A6|A8|A10,A6=v0;A8=v0;A10=v2,1
463,42,3,A6|A8|A10,A6=v0;A8=v1;A10=v0,5
464,42,3,A6|A8|A10,A6=v0;A8=v1;A10=v1,0
465,42,3,A6|A8|A10,A6=v0;A8=v1;A10=v2,20
466,42,3,A6|A8|A10,A6=v0;A8=v2;A10=v0,0
467,42,3,A6|A8|A10,A6=v0;A8=v2;A10=v1,0
468,42,3,A6|A8|A10,A6=v0;A8=v2;A10=v2,0
469,42,3,A6|A8|A10,A6=v1;A8=v0;A10=v0,0
470,42,3,A6|A8|A10,A6=v1;A8=v0;A10=v1,0
471,42,3,A6|A8|A10,A6=v1;A8=v0;A10=v2,3
472,42,3,A6|A8|A10,A6=v1;A8=v1;A10=v0,3
473,42,3,A6|A8|A10,A6=v1;A8=v1;A10=v1,1
474,42,3,A6|A8|A10,A6=v1;A8=v1;A10=v2,12
475,42,3,A6|A8|A10,A6=v1;A8=v2;A10=v0,0
476,42,3,A6|A8|A10,A6=v1;A8=v2;A10=v1,0
477,42,3,A6|A8|A10,A6=v1;A8=v2;A10=v2,0
478,42,3,A6|A8|A10,A6=v2;A8=v0;A10=v0,0
479,42,3,A6|A8|A10,A6=v2;A8=v0;A10=v1,0
480,42,3,A6|A8|A10,A6=v2;A8=v0;A10=v2,5
481,42,3,A6|A8|A10,A6=v2;A8=v1;A10=v0,39
482,42,3,A6|A8|A10,A6=v2;A8=v1;A10=v1,3
483,42,3,A6|A8|A10,A6=v2;A8=v1;A10=v2,407
484,42,3,A6|A8|A10,A6=v2;A8=v2;A10=v0,0
485,42,3,A6|A8|A10,A6=v2;A8=v2;A10=v1,0
486,42,3,A6|A8|A10,A6=v2;A8=v2;A10=v2,0
487,43,4,A1|A2|A4|A7,A1=v0;A2=v0;A4=v0;A7=v0,11
488,43,4,A1|A2|A4|A7,A1=v0;A2=v0;A4=v0;A7=v1,15
489,43,4,A1|A2|A4|A7,A1=v0;A2=v0;A4=v0;A7=v2,1
490,43,4,A1|A2|A4|A7,A1=v0;A2=v0;A4=v1;A7=v0,3
491,43,4,A1|A2|A4|A7,A1=v0;A2=v0;A4=v1;A7=v1,5
492,43,4,A1|A2|A4|A7,A1=v0;A2=v0;A4=v1;A7=v2,0
493,43,4,A1|A2|A4|A7,A1=v0;A2=v0;A4=v2;A7=v0,20
494,43,4,A1|A2|A4|A7,A1=v0;A2=v0;A4=v2;A7=v1,17
495,43,4,A1|A2|A4|A7,A1=v0;A2=v0;A4=v2;A7=v2,0
496,43,4,A1|A2|A4|A7,A1=v0;A2=v1;A4=v0;A7=v0,0
497,43,4,A1|A2|A4|A7,A1=v0;A2=v1;A4=v0;A7=v1,0
498,43,4,A1|A2|A4|A7,A1=v0;A2=v1;A4=v0;A7=v2,0
499,43,4,A1|A2|A4|A7,A1=v0;A2=v1;A4=v1;A7=v0,0
500,43,4,A1|A2|A4|A7,A1=v0;A2=v1;A4=v1;A7=v1,0
501,43,4,A1|A2|A4|A7,A1=v0;A2=v1;A4=v1;A7=v2,1
502,43,4,A1|A2|A4|A7,A1=v0;A2=v1;A4=v2;A7=v0,3
503,43,4,A1|A2|A4|A7,A1=v0;A2=v1;A4=v2;A7=v1,1
504,43,4,A1|A2|A4|A7,A1=v0;A2=v1;A4=v2;A7=v2,0
505,43,4,A1|A2|A4|A7,A1=v0;A2=v2;A4=v0;A7=v0,48
506,43,4,A1|A2|A4|A7,A1=v0;A2=v2;A4=v0;A7=v1,15
507,43,4,A1|A2|A4|A7,A1=v0;A2=v2;A4=v0;A7=v2,7
508,43,4,A1|A2|A4|A7,A1=v0;A2=v2;A4=v1;A7=v0,49
509,43,4,A1|A2|A4|A7,A1=v0;A2=v2;A4=v1;A7=v1,13
510,43,4,A1|A2|A4|A7,A1=v0;A2=v2;A4=v1;A7=v2,2
511,43,4,A1|A2|A4|A7,A1=v0;A2=v2;A4=v2;A7=v0,29
512,43,4,A1|A2|A4|A7,A1=v0;A2=v2;A4=v2;A7=v1,4
513,43,4,A1|A2|A4|A7,A1=v0;A2=v2;A4=v2;A7=v2,0
514,43,4,A1|A2|A4|A7,A1=v1;A2=v0;A4=v0;A7=v0,0
515,43,4,A1|A2|A4|A7,A1=v1;A2=v0;A4=v0;A7=v1,0
516,43,4,A1|A2|A4|A7,A1=v1;A2=v0;A4=v0;A7=v2,0
517,43,4,A1|A2|A4|A7,A1=v1;A2=v0;A4=v1;A7=v0,0
518,43,4,A1|A2|A4|A7,A1=v1;A2=v0;A4=v1;A7=v1,0
519,43,4,A1|A2|A4|A7,A1=v1;A2=v0;A4=v1;A7=v2,0
520,43,4,A1|A2|A4|A7,A1=v1;A2=v0;A4=v2;A7=v0,0
521,43,4,A1|A2|A4|A7,A1=v1;A2=v0;A4=v2;A7=v1,1
522,43,4,A1|A2|A4|A7,A1=v1;A2=v0;A4=v2;A7=v2,0
523,43,4,A1|A2|A4|A7,A1=v1;A2=v1;A4=v0;A7=v0,0
524,43,4,A1|A2|A4|A7,A1=v1;A2=v1;A4=v0;A7=v1,0
525,43,4,A1|A2|A4|A7,A1=v1;A2=v1;A4=v0;A7=v2,0
526,43,4,A1|A2|A4|A7,A1=v1;A2=v1;A4=v1;A7=v0,0
527,43,4,A1|A2|A4|A7,A1=v1;A2=v1;A4=v1;A7=v1,0
528,43,4,A1|A2|A4|A7,A1=v1;A2=v1;A4=v1;A7=v2,0
529,43,4,A1|A2|A4|A7,A1=v1;A2=v1;A4=v2;A7=v0,0
530,43,4,A1|A2|A4|A7,A1=v1;A2=v1;A4=v2;A7=v1,0
531,43,4,A1|A2|A4|A7,A1=v1;A2=v1;A4=v2;A7=v2,0
532,43,4,A1|A2|A4|A7,A1=v1;A2=v2;A4=v0;A7=v0,0
533,43,4,A1|A2|A4|A7,A1=v1;A2=v2;A4=v0;A7=v1,0
534,43,4,A1|A2|A4|A7,A1=v1;A2=v2;A4=v0;A7=v2,0
535,43,4,A1|A2|A4|A7,A1=v1;A2=v2;A4=v1;A7=v0,0
536,43,4,A1|A2|A4|A7,A1=v1;A2=v2;A4=v1;A7=v1,1
537,43,4,A1|A2|A4|A7,A1=v1;A2=v2;A4=v1;A7=v2,0
538,43,4,A1|A2|A4|A7,A1=v1;A2=v2;A4=v2;A7=v0,0
539,43,4,A1|A2|A4|A7,A1=v1;A2=v2;A4=v2;A7=v1,0
540,43,4,A1|A2|A4|A7,A1=v1;A2=v2;A4=v2;A7=v2,0
541,43,4,A1|A2|A4|A7,A1=v2;A2=v0;A4=v0;A7=v0,0
542,43,4,A1|A2|A4|A7,A1=v2;A2=v0;A4=v0;A7=v1,1
543,43,4,A1|A2|A4|A7,A1=v2;A2=v0;A4=v0;A7=v2,0
544,43,4,A1|A2|A4|A7,A1=v2;A2=v0;A4=v1;A7=v0,4
545,43,4,A1|A2|A4|A7,A1=v2;A2=v0;A4=v1;A7=v1,11
546,43,4,A1|A2|A4|A7,A1=v2;A2=v0;A4=v1;A7=v2,0
547,43,4,A1|A2|A4|A7,A1=v2;A2=v0;A4=v2;A7=v0,2
548,43,4,A1|A2|A4|A7,A1=v2;A2=v0;A4=v2;A7=v1,3
549,43,4,A1|A2|A4|A7,A1=v2;A2=v0;A4=v2;A7=v2,0
550,43,4,A1|A2|A4|A7,A1=v2;A2=v1;A4=v0;A7=v0,0
551,43,4,A1|A2|A4|A7,A1=v2;A2=v1;A4=v0;A7=v1,0
552,43,4,A1|A2|A4|A7,A1=v2;A2=v1;A4=v0;A7=v2,0
553,43,4,A1|A2|A4|A7,A1=v2;A2=v1;A4=v1;A7=v0,1
554,43,4,A1|A2|A4|A7,A1=v2;A2=v1;A4=v1;A7=v1,0
555,43,4,A1|A2|A4|A7,A1=v2;A2=v1;A4=v1;A7=v2,0
556,43,4,A1|A2|A4|A7,A1=v2;A2=v1;A4=v2;A7=v0,2
557,43,4,A1|A2|A4|A7,A1=v2;A2=v1;A4=v2;A7=v1,0
558,43,4,A1|A2|A4|A7,A1=v2;A2=v1;A4=v2;A7=v2,0
559,43,4,A1|A2|A4|A7,A1=v2;A2=v2;A4=v0;A7=v0,1
560,43,4,A1|A2|A4|A7,A1=v2;A2=v2;A4=v0;A7=v1,0
561,43,4,A1|A2|A4|A7,A1=v2;A2=v2;A4=v0;A7=v2,0
562,43,4,A1|A2|A4|A7,A1=v2;A2=v2;A4=v1;A7=v0,173
563,43,4,A1|A2|A4|A7,A1=v2;A2=v2;A4=v1;A7=v1,47
564,43,4,A1|A2|A4|A7,A1=v2;A2=v2;A4=v1;A7=v2,3
565,43,4,A1|A2|A4|A7,A1=v2;A2=v2;A4=v2;A7=v0,6
566,43,4,A1|A2|A4|A7,A1=v2;A2=v2;A4=v2;A7=v1,0
567,43,4,A1|A2|A4|A7,A1=v2;A2=v2;A4=v2;A7=v2,0
568,44,4,A2|A3|A4|A6,A2=v0;A3=v0;A4=v0;A6=v0,5
569,44,4,A2|A3|A4|A6,A2=v0;A3=v0;A4=v0;A6=v1,0
570,44,4,A2|A3|A4|A6,A2=v0;A3=v0;A4=v0;A6=v2,18
571,44,4,A2|A3|A4|A6,A2=v0;A3=v0;A4=v1;A6=v0,0
572,44,4,A2|A3|A4|A6,A2=v0;A3=v0;A4=v1;A6=v1,0
573,44,4,A2|A3|A4|A6,A2=v0;A3=v0;A4=v1;A6=v2,6
574,44,4,A2|A3|A4|A6,A2=v0;A3=v0;A4=v2;A6=v0,2
575,44,4,A2|A3|A4|A6,A2=v0;A3=v0;A4=v2;A6=v1,0
576,44,4,A2|A3|A4|A6,A2=v0;A3=v0;A4=v2;A6=v2,7
577,44,4,A2|A3|A4|A6,A2=v0;A3=v1;A4=v0;A6=v0,0
578,44,4,A2|A3|A4|A6,A2=v0;A3=v1;A4=v0;A6=v1,0
579,44,4,A2|A3|A4|A6,A2=v0;A3=v1;A4=v0;A6=v2,1
580,44,4,A2|A3|A4|A6,A2=v0;A3=v1;A4=v1;A6=v0,0
581,44,4,A2|A3|A4|A6,A2=v0;A3=v1;A4=v1;A6=v1,0
582,44,4,A2|A3|A4|A6,A2=v0;A3=v1;A4=v1;A6=v2,1
583,44,4,A2|A3|A4|A6,A2=v0;A3=v1;A4=v2;A6=v0,0
584,44,4,A2|A3|A4|A6,A2=v0;A3=v1;A4=v2;A6=v1,0
585,44,4,A2|A3|A4|A6,A2=v0;A3=v1;A4=v2;A6=v2,2
586,44,4,A2|A3|A4|A6,A2=v0;A3=v2;A4=v0;A6=v0,0
587,44,4,A2|A3|A4|A6,A2=v0;A3=v2;A4=v0;A6=v1,0
588,44,4,A2|A3|A4|A6,A2=v0;A3=v2;A4=v0;A6=v2,4
589,44,4,A2|A3|A4|A6,A2=v0;A3=v2;A4=v1;A6=v0,0
590,44,4,A2|A3|A4|A6,A2=v0;A3=v2;A4=v1;A6=v1,0
591,44,4,A2|A3|A4|A6,A2=v0;A3=v2;A4=v1;A6=v2,16
592,44,4,A2|A3|A4|A6,A2=v0;A3=v2;A4=v2;A6=v0,12
593,44,4,A2|A3|A4|A6,A2=v0;A3=v2;A4=v2;A6=v1,6
594,44,4,A2|A3|A4|A6,A2=v0;A3=v2;A4=v2;A6=v2,14
595,44,4,A2|A3|A4|A6,A2=v1;A3=v0;A4=v0;A6=v0,0
596,44,4,A2|A3|A4|A6,A2=v1;A3=v0;A4=v0;A6=v1,0
597,44,4,A2|A3|A4|A6,A2=v1;A3=v0;A4=v0;A6=v2,0
598,44,4,A2|A3|A4|A6,A2=v1;A3=v0;A4=v1;A6=v0,1
599,44,4,A2|A3|A4|A6,A2=v1;A3=v0;A4=v1;A6=v1,0
600,44,4,A2|A3|A4|A6,A2=v1;A3=v0;A4=v1;A6=v2,1
601,44,4,A2|A3|A4|A6,A2=v1;A3=v0;A4=v2;A6=v0,3
602,44,4,A2|A3|A4|A6,A2=v1;A3=v0;A4=v2;A6=v1,0
603,44,4,A2|A3|A4|A6,A2=v1;A3=v0;A4=v2;A6=v2,3
604,44,4,A2|A3|A4|A6,A2=v1;A3=v1;A4=v0;A6=v0,0
605,44,4,A2|A3|A4|A6,A2=v1;A3=v1;A4=v0;A6=v1,0
606,44,4,A2|A3|A4|A6,A2=v1;A3=v1;A4=v0;A6=v2,0
607,44,4,A2|A3|A4|A6,A2=v1;A3=v1;A4=v1;A6=v0,0
608,44,4,A2|A3|A4|A6,A2=v1;A3=v1;A4=v1;A6=v1,0
609,44,4,A2|A3|A4|A6,A2=v1;A3=v1;A4=v1;A6=v2,0
610,44,4,A2|A3|A4|A6,A2=v1;A3=v1;A4=v2;A6=v0,0
611,44,4,A2|A3|A4|A6,A2=v1;A3=v1;A4=v2;A6=v1,0
612,44,4,A2|A3|A4|A6,A2=v1;A3=v1;A4=v2;A6=v2,0
613,44,4,A2|A3|A4|A6,A2=v1;A3=v2;A4=v0;A6=v0,0
614,44,4,A2|A3|A4|A6,A2=v1;A3=v2;A4=v0;A6=v1,0
615,44,4,A2|A3|A4|A6,A2=v1;A3=v2;A4=v0;A6=v2,0
616,44,4,A2|A3|A4|A6,A2=v1;A3=v2;A4=v1;A6=v0,0
617,44,4,A2|A3|A4|A6,A2=v1;A3=v2;A4=v1;A6=v1,0
618,44,4,A2|A3|A4|A6,A2=v1;A3=v2;A4=v1;A6=v2,0
619,44,4,A2|A3|A4|A6,A2=v1;A3=v2;A4=v2;A6=v0,0
620,44,4,A2|A3|A4|A6,A2=v1;A3=v2;A4=v2;A6=v1,0
621,44,4,A2|A3|A4|A6,A2=v1;A3=v2;A4=v2;A6=v2,0
622,44,4,A2|A3|A4|A6,A2=v2;A3=v0;A4=v0;A6=v0,3
623,44,4,A2|A3|A4|A6,A2=v2;A3=v0;A4=v0;A6=v1,0
624,44,4,A2|A3|A4|A6,A2=v2;A3=v0;A4=v0;A6=v2,66
625,44,4,A2|A3|A4|A6,A2=v2;A3=v0;A4=v1;A6=v0,0
626,44,4,A2|A3|A4|A6,A2=v2;A3=v0;A4=v1;A6=v1,1
627,44,4,A2|A3|A4|A6,A2=v2;A3=v0;A4=v1;A6=v2,203
628,44,4,A2|A3|A4|A6,A2=v2;A3=v0;A4=v2;A6=v0,1
629,44,4,A2|A3|A4|A6,A2=v2;A3=v0;A4=v2;A6=v1,2
630,44,4,A2|A3|A4|A6,A2=v2;A3=v0;A4=v2;A6=v2,25
631,44,4,A2|A3|A4|A6,A2=v2;A3=v1;A4=v0;A6=v0,0
632,44,4,A2|A3|A4|A6,A2=v2;A3=v1;A4=v0;A6=v1,0
633,44,4,A2|A3|A4|A6,A2=v2;A3=v1;A4=v0;A6=v2,1
634,44,4,A2|A3|A4|A6,A2=v2;A3=v1;A4=v1;A6=v0,0
635,44,4,A2|A3|A4|A6,A2=v2;A3=v1;A4=v1;A6=v1,0
636,44,4,A2|A3|A4|A6,A2=v2;A3=v1;A4=v1;A6=v2,1
637,44,4,A2|A3|A4|A6,A2=v2;A3=v1;A4=v2;A6=v0,0
638,44,4,A2|A3|A4|A6,A2=v2;A3=v1;A4=v2;A6=v1,2
639,44,4,A2|A3|A4|A6,A2=v2;A3=v1;A4=v2;A6=v2,3
640,44,4,A2|A3|A4|A6,A2=v2;A3=v2;A4=v0;A6=v0,0
641,44,4,A2|A3|A4|A6,A2=v2;A3=v2;A4=v0;A6=v1,0
642,44,4,A2|A3|A4|A6,A2=v2;A3=v2;A4=v0;A6=v2,1
643,44,4,A2|A3|A4|A6,A2=v2;A3=v2;A4=v1;A6=v0,0
644,44,4,A2|A3|A4|A6,A2=v2;A3=v2;A4=v1;A6=v1,5
645,44,4,A2|A3|A4|A6,A2=v2;A3=v2;A4=v1;A6=v2,78
646,44,4,A2|A3|A4|A6,A2=v2;A3=v2;A4=v2;A6=v0,0
647,44,4,A2|A3|A4|A6,A2=v2;A3=v2;A4=v2;A6=v1,3
648,44,4,A2|A3|A4|A6,A2=v2;A3=v2;A4=v2;A6=v2,3
649,45,4,A2|A3|A7|A9,A2=v0;A3=v0;A7=v0;A9=v0,4
650,45,4,A2|A3|A7|A9,A2=v0;A3=v0;A7=v0;A9=v1,4
651,45,4,A2|A3|A7|A9,A2=v0;A3=v0;A7=v0;A9=v2,12
652,45,4,A2|A3|A7|A9,A2=v0;A3=v0;A7=v1;A9=v0,4
653,45,4,A2|A3|A7|A9,A2=v0;A3=v0;A7=v1;A9=v1,0
654,45,4,A2|A3|A7|A9,A2=v0;A3=v0;A7=v1;A9=v2,14
655,45,4,A2|A3|A7|A9,A2=v0;A3=v0;A7=v2;A9=v0,0
656,45,4,A2|A3|A7|A9,A2=v0;A3=v0;A7=v2;A9=v1,0
657,45,4,A2|A3|A7|A9,A2=v0;A3=v0;A7=v2;A9=v2,0
658,45,4,A2|A3|A7|A9,A2=v0;A3=v1;A7=v0;A9=v0,0
659,45,4,A2|A3|A7|A9,A2=v0;A3=v1;A7=v0;A9=v1,0
660,45,4,A2|A3|A7|A9,A2=v0;A3=v1;A7=v0;A9=v2,1
661,45,4,A2|A3|A7|A9,A2=v0;A3=v1;A7=v1;A9=v0,1
662,45,4,A2|A3|A7|A9,A2=v0;A3=v1;A7=v1;A9=v1,0
663,45,4,A2|A3|A7|A9,A2=v0;A3=v1;A7=v1;A9=v2,2
664,45,4,A2|A3|A7|A9,A2=v0;A3=v1;A7=v2;A9=v0,0
665,45,4,A2|A3|A7|A9,A2=v0;A3=v1;A7=v2;A9=v1,0
666,45,4,A2|A3|A7|A9,A2=v0;A3=v1;A7=v2;A9=v2,0
667,45,4,A2|A3|A7|A9,A2=v0;A3=v2;A7=v0;A9=v0,13
668,45,4,A2|A3|A7|A9,A2=v0;A3=v2;A7=v0;A9=v1,3
669,45,4,A2|A3|A7|A9,A2=v0;A3=v2;A7=v0;A9=v2,3
670,45,4,A2|A3|A7|A9,A2=v0;A3=v2;A7=v1;A9=v0,26
671,45,4,A2|A3|A7|A9,A2=v0;A3=v2;A7=v1;A9=v1,5
672,45,4,A2|A3|A7|A9,A2=v0;A3=v2;A7=v1;A9=v2,1
673,45,4,A2|A3|A7|A9,A2=v0;A3=v2;A7=v2;A9=v0,1
674,45,4,A2|A3|A7|A9,A2=v0;A3=v2;A7=v2;A9=v1,0
675,45,4,A2|A3|A7|A9,A2=v0;A3=v2;A7=v2;A9=v2,0
676,45,4,A2|A3|A7|A9,A2=v1;A3=v0;A7=v0;A9=v0,1
677,45,4,A2|A3|A7|A9,A2=v1;A3=v0;A7=v0;A9=v1,5
678,45,4,A2|A3|A7|A9,A2=v1;A3=v0;A7=v0;A9=v2,0
679,45,4,A2|A3|A7|A9,A2=v1;A3=v0;A7=v1;A9=v0,0
680,45,4,A2|A3|A7|A9,A2=v1;A3=v0;A7=v1;A9=v1,1
681,45,4,A2|A3|A7|A9,A2=v1;A3=v0;A7=v1;A9=v2,0
682,45,4,A2|A3|A7|A9,A2=v1;A3=v0;A7=v2;A9=v0,0
683,45,4,A2|A3|A7|A9,A2=v1;A3=v0;A7=v2;A9=v1,1
684,45,4,A2|A3|A7|A9,A2=v1;A3=v0;A7=v2;A9=v2,0
685,45,4,A2|A3|A7|A9,A2=v1;A3=v1;A7=v0;A9=v0,0
686,45,4,A2|A3|A7|A9,A2=v1;A3=v1;A7=v0;A9=v1,0
687,45,4,A2|A3|A7|A9,A2=v1;A3=v1;A7=v0;A9=v2,0
688,45,4,A2|A3|A7|A9,A2=v1;A3=v1;A7=v1;A9=v0,0
689,45,4,A2|A3|A7|A9,A2=v1;A3=v1;A7=v1;A9=v1,0
690,45,4,A2|A3|A7|A9,A2=v1;A3=v1;A7=v1;A9=v2,0
691,45,4,A2|A3|A7|A9,A2=v1;A3=v1;A7=v2;A9=v0,0
692,45,4,A2|A3|A7|A9,A2=v1;A3=v1;A7=v2;A9=v1,0
693,45,4,A2|A3|A7|A9,A2=v1;A3=v1;A7=v2;A9=v2,0
694,45,4,A2|A3|A7|A9,A2=v1;A3=v2;A7=v0;A9=v0,0
695,45,4,A2|A3|A7|A9,A2=v1;A3=v2;A7=v0;A9=v1,0
696,45,4,A2|A3|A7|A9,A2=v1;A3=v2;A7=v0;A9=v2,0
697,45,4,A2|A3|A7|A9,A2=v1;A3=v2;A7=v1;A9=v0,0
698,45,4,A2|A3|A7|A9,A2=v1;A3=v2;A7=v1;A9=v1,0
699,45,4,A2|A3|A7|A9,A2=v1;A3=v2;A7=v1;A9=v2,0
700,45,4,A2|A3|A7|A9,A2=v1;A3=v2;A7=v2;A9=v0,0
701,45,4,A2|A3|A7|A9,A2=v1;A3=v2;A7=v2;A9=v1,0
702,45,4,A2|A3|A7|A9,A2=v1;A3=v2;A7=v2;A9=v2,0
703,45,4,A2|A3|A7|A9,A2=v2;A3=v0;A7=v0;A9=v0,78
704,45,4,A2|A3|A7|A9,A2=v2;A3=v0;A7=v0;A9=v1,96
705,45,4,A2|A3|A7|A9,A2=v2;A3=v0;A7=v0;A9=v2,52
706,45,4,A2|A3|A7|A9,A2=v2;A3=v0;A7=v1;A9=v0,39
707,45,4,A2|A3|A7|A9,A2=v2;A3=v0;A7=v1;A9=v1,16
708,45,4,A2|A3|A7|A9,A2=v2;A3=v0;A7=v1;A9=v2,9
709,45,4,A2|A3|A7|A9,A2=v2;A3=v0;A7=v2;A9=v0,1
710,45,4,A2|A3|A7|A9,A2=v2;A3=v0;A7=v2;A9=v1,7
711,45,4,A2|A3|A7|A9,A2=v2;A3=v0;A7=v2;A9=v2,3
712,45,4,A2|A3|A7|A9,A2=v2;A3=v1;A7=v0;A9=v0,1
713,45,4,A2|A3|A7|A9,A2=v2;A3=v1;A7=v0;A9=v1,0
714,45,4,A2|A3|A7|A9,A2=v2;A3=v1;A7=v0;A9=v2,3
715,45,4,A2|A3|A7|A9,A2=v2;A3=v1;A7=v1;A9=v0,3
716,45,4,A2|A3|A7|A9,A2=v2;A3=v1;A7=v1;A9=v1,0
717,45,4,A2|A3|A7|A9,A2=v2;A3=v1;A7=v1;A9=v2,0
718,45,4,A2|A3|A7|A9,A2=v2;A3=v1;A7=v2;A9=v0,0
719,45,4,A2|A3|A7|A9,A2=v2;A3=v1;A7=v2;A9=v1,0
720,45,4,A2|A3|A7|A9,A2=v2;A3=v1;A7=v2;A9=v2,0
721,45,4,A2|A3|A7|A9,A2=v2;A3=v2;A7=v0;A9=v0,65
722,45,4,A2|A3|A7|A9,A2=v2;A3=v2;A7=v0;A9=v1,3
723,45,4,A2|A3|A7|A9,A2=v2;A3=v2;A7=v0;A9=v2,8
724,45,4,A2|A3|A7|A9,A2=v2;A3=v2;A7=v1;A9=v0,13
725,45,4,A2|A3|A7|A9,A2=v2;A3=v2;A7=v1;A9=v1,0
726,45,4,A2|A3|A7|A9,A2=v2;A3=v2;A7=v1;A9=v2,0
727,45,4,A2|A3|A7|A9,A2=v2;A3=v2;A7=v2;A9=v0,1
728,45,4,A2|A3|A7|A9,A2=v2;A3=v2;A7=v2;A9=v1,0
729,45,4,A2|A3|A7|A9,A2=v2;A3=v2;A7=v2;A9=v2,0
