id,A0,A1,A2,A3,A4,A5,A6,A7,A8,A9,A10,A11
0,v1,v2,v2,v0,v1,v2,v2,v0,v1,v0,v2,v1
1,v1,v2,v2,v0,v1,v2,v2,v1,v1,v0,v2,v1
2,v1,v2,v2,v2,v1,v1,v2,v0,v1,v0,v2,v0
3,v0,v2,v2,v0,v1,v1,v2,v1,v1,v0,v2,v1
4,v1,v2,v2,v0,v1,v0,v2,v0,v1,v1,v2,v1
5,v1,v2,v2,v2,v1,v1,v2,v1,v1,v0,v2,v1
6,v1,v2,v0,v2,v1,v1,v2,v1,v1,v0,v2,v0
7,v1,v0,v2,v0,v1,v1,v2,v0,v1,v1,v2,v1
8,v1,v2,v2,v0,v1,v1,v2,v0,v1,v0,v2,v1
9,v2,v2,v2,v2,v1,v1,v2,v0,v1,v2,v2,v2
10,v1,v2,v2,v0,v1,v1,v2,v0,v1,v1,v2,v1
11,v2,v0,v2,v0,v0,v0,v2,v2,v1,v1,v2,v2
12,v1,v2,v2,v2,v1,v2,v2,v1,v1,v0,v2,v1
13,v1,v2,v2,v0,v1,v1,v2,v0,v1,v0,v0,v1
14,v1,v0,v2,v0,v1,v0,v2,v0,v1,v0,v2,v1
15,v1,v2,v2,v0,v1,v2,v2,v0,v1,v0,v0,v1
16,v1,v0,v2,v0,v0,v0,v2,v0,v1,v2,v0,v2
17,v1,v2,v2,v0,v1,v1,v2,v0,v1,v0,v2,v1
18,v1,v2,v2,v2,v1,v1,v2,v0,v1,v0,v2,v1
19,v1,v0,v2,v0,v1,v0,v2,v1,v1,v0,v2,v2
20,v2,v0,v0,v2,v2,v1,v0,v0,v1,v2,v2,v0
21,v1,v0,v0,v0,v2,v0,v2,v0,v1,v0,v2,v2
22,v1,v2,v2,v2,v1,v1,v2,v2,v1,v0,v0,v1
23,v2,v0,v2,v0,v2,v0,v1,v0,v1,v1,v2,v2
24,v1,v0,v2,v0,v0,v2,v2,v1,v1,v1,v2,v2
25,v1,v0,v2,v0,v0,v0,v2,v0,v1,v2,v2,v2
26,v1,v2,v2,v0,v1,v1,v2,v0,v1,v0,v2,v1
27,v1,v2,v2,v0,v1,v0,v2,v0,v1,v0,v0,v1
28,v1,v0,v2,v0,v0,v0,v0,v0,v1,v2,v0,v2
29,v1,v2,v0,v2,v1,v1,v2,v0,v1,v1,v2,v2
30,v1,v0,v2,v0,v0,v1,v2,v0,v1,v2,v0,v2
31,v1,v0,v0,v2,v2,v1,v2,v1,v1,v0,v2,v0
32,v1,v0,v2,v0,v2,v0,v2,v0,v1,v1,v2,v2
33,v1,v2,v2,v0,v1,v1,v2,v0,v1,v0,v2,v1
34,v1,v0,v0,v2,v2,v1,v2,v0,v1,v0,v2,v0
35,v1,v0,v0,v0,v2,v1,v0,v0,v1,v0,v0,v0
36,v1,v0,v2,v0,v0,v0,v2,v0,v1,v2,v2,v1
37,v1,v0,v2,v0,v0,v0,v2,v1,v1,v1,v2,v2
38,v1,v2,v2,v2,v1,v1,v2,v0,v1,v0,v2,v1
39,v1,v2,v2,v0,v1,v1,v2,v1,v1,v0,v2,v1
40,v1,v0,v2,v0,v1,v0,v2,v0,v1,v1,v2,v2
41,v1,v0,v0,v2,v2,v1,v1,v1,v1,v0,v2,v2
42,v1,v0,v2,v0,v0,v0,v2,v0,v1,v2,v0,v2
43,v1,v0,v2,v0,v2,v0,v2,v0,v1,v1,v2,v1
44,v1,v2,v2,v0,v1,v0,v2,v0,v1,v1,v2,v1
45,v1,v2,v2,v2,v1,v2,v2,v0,v1,v0,v2,v1
46,v1,v0,v2,v0,v0,v1,v2,v0,v1,v2,v2,v2
47,v1,v2,v2,v0,v1,v1,v2,v0,v1,v0,v2,v1
48,v1,v0,v2,v0,v0,v0,v2,v1,v1,v1,v2,v2
49,v1,v0,v2,v0,v1,v0,v2,v0,v1,v1,v0,v2
50,v1,v0,v2,v0,v1,v1,v2,v0,v1,v2,v0,v2
51,v1,v0,v0,v0,v0,v0,v2,v1,v1,v2,v2,v2
52,v1,v2,v2,v0,v1,v1,v2,v0,v1,v1,v2,v2
53,v1,v2,v2,v0,v1,v0,v2,v0,v1,v1,v2,v2
54,v1,v0,v2,v0,v1,v2,v2,v0,v1,v0,v2,v1
55,v1,v2,v2,v0,v1,v1,v2,v0,v1,v2,v2,v1
56,v1,v2,v2,v0,v1,v2,v2,v0,v1,v2,v2,v1
57,v1,v0,v2,v0,v0,v0,v2,v0,v1,v2,v0,v2
58,v1,v0,v2,v0,v0,v0,v2,v0,v1,v2,v2,v0
59,v1,v2,v2,v0,v1,v0,v2,v0,v1,v0,v2,v1
60,v1,v2,v2,v2,v1,v1,v2,v0,v1,v0,v2,v1
61,v1,v0,v2,v0,v0,v0,v2,v0,v1,v2,v2,v2
62,v1,v2,v2,v0,v1,v1,v2,v1,v1,v0,v2,v1
63,v1,v0,v2,v0,v1,v1,v2,v0,v1,v0,v2,v1
64,v1,v2,v0,v0,v1,v0,v2,v0,v1,v0,v2,v1
65,v2,v0,v2,v0,v2,v1,v2,v0,v1,v1,v2,v1
66,v1,v2,v2,v2,v1,v2,v2,v0,v1,v0,v2,v0
67,v1,v0,v2,v0,v1,v0,v2,v0,v1,v1,v2,v2
68,v1,v0,v2,v0,v0,v1,v2,v0,v1,v1,v2,v2
69,v1,v0,v0,v0,v0,v0,v0,v1,v1,v0,v2,v2
70,v1,v0,v0,v0,v2,v1,v2,v0,v1,v1,v2,v2
71,v1,v2,v2,v0,v1,v1,v2,v0,v1,v0,v2,v1
72,v1,v2,v2,v0,v1,v2,v2,v0,v1,v0,v2,v1
73,v1,v0,v2,v0,v0,v0,v2,v0,v1,v2,v2,v2
74,v1,v2,v2,v0,v1,v1,v2,v0,v1,v1,v2,v1
75,v1,v2,v2,v2,v1,v1,v2,v0,v1,v0,v2,v1
76,v1,v0,v2,v0,v0,v0,v2,v2,v1,v2,v0,v2
77,v1,v2,v2,v0,v1,v1,v2,v0,v1,v0,v2,v1
78,v1,v2,v2,v2,v1,v1,v2,v0,v1,v0,v2,v0
79,v1,v0,v2,v0,v1,v0,v2,v1,v1,v0,v2,v0
80,v1,v2,v2,v2,v1,v1,v2,v1,v1,v0,v2,v1
81,v1,v0,v0,v0,v0,v1,v0,v1,v1,v2,v0,v0
82,v1,v0,v0,v0,v0,v1,v2,v0,v1,v2,v2,v2
83,v1,v0,v0,v0,v2,v0,v2,v0,v1,v1,v2,v2
84,v1,v0,v0,v2,v1,v1,v2,v1,v1,v0,v2,v0
85,v1,v0,v2,v0,v0,v1,v2,v1,v1,v1,v2,v1
86,v1,v2,v2,v0,v1,v1,v2,v0,v1,v0,v2,v1
87,v1,v0,v2,v0,v0,v0,v2,v0,v1,v2,v2,v0
88,v1,v0,v2,v0,v0,v0,v2,v1,v1,v2,v2,v0
89,v1,v2,v2,v0,v1,v0,v2,v1,v1,v1,v2,v2
90,v1,v2,v2,v0,v1,v1,v2,v0,v1,v0,v2,v1
91,v1,v2,v2,v2,v1,v1,v2,v0,v1,v0,v2,v1
92,v1,v2,v0,v2,v1,v0,v2,v1,v1,v0,v2,v0
93,v1,v2,v2,v0,v1,v0,v2,v0,v1,v0,v2,v1
94,v1,v2,v2,v2,v1,v1,v2,v0,v1,v0,v2,v0
95,v1,v2,v2,v2,v2,v1,v2,v0,v1,v0,v2,v1
96,v1,v0,v2,v0,v1,v0,v2,v0,v1,v0,v2,v1
97,v1,v0,v0,v0,v0,v2,v2,v0,v1,v2,v2,v1
98,v2,v0,v2,v0,v2,v0,v2,v0,v1,v1,v2,v0
99,v1,v2,v2,v2,v1,v1,v2,v1,v1,v0,v2,v1
100,v2,v2,v2,v0,v1,v1,v2,v1,v1,v1,v2,v1
101,v1,v0,v2,v0,v0,v0,v2,v0,v1,v1,v2,v2
102,v2,v0,v2,v0,v1,v0,v2,v0,v1,v2,v0,v1
103,v2,v0,v0,v2,v2,v1,v0,v1,v1,v0,v2,v0
104,v1,v2,v1,v0,v1,v0,v2,v0,v1,v1,v2,v1
105,v1,v0,v2,v0,v0,v2,v2,v1,v1,v2,v2,v2
106,v1,v2,v2,v2,v1,v1,v2,v0,v1,v0,v0,v1
107,v1,v0,v0,v0,v0,v0,v2,v1,v1,v2,v2,v2
108,v1,v0,v2,v0,v0,v0,v2,v0,v1,v1,v2,v2
109,v1,v2,v2,v0,v1,v1,v2,v0,v0,v1,v2,v0
110,v1,v2,v2,v0,v1,v0,v2,v0,v1,v1,v2,v1
111,v1,v2,v2,v0,v1,v1,v2,v0,v1,v0,v2,v1
112,v1,v2,v2,v0,v0,v1,v2,v0,v1,v2,v2,v1
113,v1,v2,v2,v0,v1,v0,v2,v0,v1,v0,v2,v1
114,v1,v0,v0,v1,v2,v1,v2,v1,v1,v2,v2,v2
115,v1,v2,v2,v0,v1,v0,v2,v0,v1,v0,v2,v1
116,v1,v2,v2,v2,v1,v1,v2,v0,v1,v0,v2,v1
117,v1,v2,v2,v0,v1,v0,v2,v0,v1,v1,v2,v2
118,v1,v2,v2,v2,v1,v2,v2,v0,v1,v0,v2,v0
119,v1,v0,v0,v0,v0,v0,v2,v1,v1,v0,v2,v2
120,v1,v2,v2,v2,v1,v1,v2,v0,v1,v0,v2,v1
121,v1,v2,v2,v0,v1,v0,v2,v1,v1,v0,v2,v1
122,v1,v2,v2,v2,v1,v1,v2,v1,v1,v0,v2,v1
123,v1,v2,v2,v2,v1,v1,v2,v0,v1,v0,v2,v1
124,v1,v0,v2,v0,v2,v0,v2,v0,v1,v0,v2,v2
125,v1,v0,v1,v0,v1,v0,v0,v2,v1,v1,v2,v1
126,v1,v0,v2,v0,v0,v0,v2,v0,v1,v2,v2,v2
127,v1,v2,v2,v0,v1,v1,v2,v0,v1,v2,v2,v1
128,v1,v0,v2,v0,v2,v0,v2,v1,v1,v0,v2,v2
129,v1,v0,v2,v0,v1,v0,v2,v0,v1,v0,v2,v2
130,v1,v0,v2,v0,v1,v0,v2,v0,v1,v1,v2,v2
131,v1,v2,v2,v2,v1,v2,v2,v0,v1,v0,v2,v1
132,v1,v2,v2,v0,v1,v1,v2,v1,v1,v0,v2,v1
133,v1,v0,v0,v2,v2,v1,v1,v1,v1,v0,v2,v0
134,v2,v0,v2,v1,v2,v0,v2,v1,v1,v0,v2,v2
135,v1,v2,v2,v0,v1,v1,v2,v0,v1,v1,v2,v1
136,v2,v0,v2,v0,v2,v0,v2,v0,v1,v1,v2,v2
137,v1,v2,v2,v0,v1,v1,v2,v0,v1,v0,v2,v1
138,v1,v2,v2,v2,v1,v1,v2,v0,v1,v0,v2,v1
139,v1,v2,v2,v0,v1,v1,v2,v0,v1,v2,v2,v1
140,v1,v2,v2,v2,v1,v1,v2,v0,v1,v0,v2,v1
141,v2,v0,v2,v0,v2,v0,v1,v0,v1,v1,v2,v2
142,v1,v2,v2,v0,v1,v2,v2,v0,v1,v0,v2,v1
143,v1,v0,v1,v0,v2,v0,v2,v1,v1,v1,v2,v1
144,v1,v2,v2,v0,v1,v1,v2,v0,v1,v0,v2,v1
145,v1,v0,v0,v2,v2,v1,v2,v0,v1,v0,v2,v1
146,v2,v0,v2,v0,v2,v0,v2,v0,v1,v1,v2,v2
147,v1,v0,v2,v0,v0,v2,v2,v0,v1,v2,v2,v2
148,v1,v0,v0,v2,v1,v1,v2,v1,v1,v0,v0,v0
149,v1,v2,v2,v0,v1,v0,v2,v0,v1,v0,v2,v1
150,v1,v2,v2,v2,v1,v1,v2,v0,v1,v2,v2,v2
151,v1,v0,v2,v0,v0,v0,v2,v0,v1,v2,v0,v1
152,v1,v0,v0,v0,v0,v1,v0,v0,v1,v2,v2,v2
153,v2,v0,v2,v2,v2,v1,v1,v0,v1,v0,v2,v0
154,v0,v2,v2,v0,v1,v1,v2,v0,v1,v1,v2,v1
155,v1,v2,v2,v0,v1,v1,v2,v1,v1,v0,v2,v1
156,v1,v0,v0,v0,v0,v1,v2,v1,v1,v2,v2,v2
157,v1,v0,v0,v2,v2,v1,v2,v1,v1,v0,v2,v2
158,v1,v2,v2,v0,v1,v2,v2,v0,v1,v0,v2,v1
159,v1,v0,v2,v0,v1,v1,v2,v0,v1,v1,v2,v2
160,v1,v2,v2,v0,v1,v1,v2,v1,v1,v0,v2,v1
161,v1,v2,v2,v0,v1,v0,v2,v0,v1,v0,v2,v1
162,v1,v0,v2,v0,v2,v0,v2,v0,v1,v1,v0,v2
163,v1,v2,v2,v2,v1,v1,v2,v0,v1,v0,v2,v1
164,v1,v2,v2,v2,v1,v1,v2,v0,v1,v0,v2,v1
165,v1,v0,v2,v0,v1,v1,v2,v0,v1,v1,v2,v2
166,v1,v0,v2,v0,v1,v0,v2,v0,v1,v1,v0,v2
167,v1,v0,v1,v0,v2,v1,v0,v0,v1,v1,v2,v1
168,v1,v0,v2,v0,v0,v0,v2,v0,v1,v2,v2,v1
169,v0,v0,v0,v2,v2,v1,v1,v0,v1,v0,v2,v0
170,v1,v2,v2,v0,v1,v0,v2,v0,v1,v1,v2,v1
171,v1,v2,v2,v0,v1,v1,v2,v0,v1,v0,v2,v1
172,v1,v0,v2,v0,v1,v1,v2,v1,v1,v0,v2,v1
173,v1,v0,v2,v2,v1,v1,v2,v0,v1,v0,v2,v1
174,v1,v0,v2,v0,v0,v0,v2,v0,v1,v1,v2,v0
175,v1,v0,v0,v1,v1,v1,v2,v1,v1,v0,v2,v1
176,v1,v2,v2,v0,v1,v0,v2,v0,v1,v0,v2,v1
177,v1,v2,v2,v2,v1,v1,v2,v0,v1,v0,v2,v1
178,v1,v2,v2,v2,v1,v1,v2,v0,v1,v0,v2,v1
179,v1,v0,v2,v0,v1,v2,v2,v1,v1,v1,v2,v2
180,v1,v2,v2,v0,v1,v1,v2,v0,v1,v0,v2,v1
181,v1,v0,v2,v0,v1,v0,v2,v2,v1,v1,v2,v2
182,v1,v0,v0,v2,v0,v1,v2,v1,v1,v1,v2,v2
183,v1,v2,v2,v1,v2,v0,v2,v0,v1,v2,v0,v2
184,v1,v0,v0,v0,v0,v0,v2,v0,v1,v1,v2,v2
185,v1,v0,v0,v0,v0,v0,v2,v0,v1,v2,v2,v2
186,v1,v0,v0,v0,v0,v0,v2,v0,v1,v2,v2,v2
187,v1,v2,v2,v2,v1,v1,v1,v0,v1,v2,v0,v2
188,v1,v2,v2,v2,v1,v1,v2,v0,v1,v0,v2,v1
189,v1,v2,v2,v0,v1,v0,v2,v0,v1,v0,v2,v1
190,v1,v2,v2,v0,v1,v2,v2,v0,v1,v0,v2,v1
191,v1,v2,v1,v0,v2,v2,v2,v0,v1,v1,v2,v1
192,v1,v2,v2,v0,v1,v2,v2,v0,v1,v0,v2,v1
193,v1,v0,v2,v0,v1,v1,v2,v0,v1,v0,v2,v1
194,v1,v0,v2,v0,v0,v0,v2,v0,v1,v1,v2,v2
195,v1,v2,v2,v2,v1,v1,v2,v0,v1,v0,v1,v1
196,v1,v2,v0,v2,v1,v1,v2,v1,v1,v0,v0,v0
197,v1,v2,v2,v2,v1,v1,v2,v1,v1,v0,v0,v1
198,v1,v2,v2,v0,v1,v1,v2,v0,v1,v0,v2,v1
199,v1,v0,v2,v0,v1,v1,v2,v1,v1,v1,v2,v2
200,v1,v0,v2,v0,v0,v0,v0,v0,v1,v1,v0,v0
201,v1,v2,v2,v2,v1,v0,v2,v0,v1,v0,v0,v0
202,v1,v2,v2,v0,v1,v0,v2,v0,v1,v1,v2,v1
203,v1,v2,v2,v2,v1,v1,v2,v0,v1,v0,v2,v1
204,v1,v2,v2,v0,v1,v0,v2,v1,v1,v0,v2,v1
205,v1,v0,v2,v0,v0,v0,v2,v0,v1,v1,v2,v2
206,v1,v0,v2,v0,v0,v1,v2,v1,v1,v1,v2,v2
207,v1,v2,v2,v2,v1,v1,v2,v1,v1,v0,v2,v1
208,v1,v0,v2,v0,v0,v1,v2,v0,v1,v2,v2,v2
209,v1,v2,v2,v0,v1,v1,v2,v0,v1,v0,v2,v1
210,v1,v2,v2,v0,v1,v2,v2,v0,v1,v1,v2,v1
211,v1,v2,v2,v0,v1,v1,v2,v1,v1,v0,v2,v1
212,v1,v0,v2,v2,v1,v1,v2,v0,v1,v2,v0,v2
213,v1,v0,v2,v2,v2,v1,v2,v0,v1,v0,v2,v0
214,v1,v0,v2,v0,v1,v0,v2,v1,v1,v0,v2,v1
215,v1,v0,v2,v0,v0,v0,v2,v2,v1,v1,v2,v0
216,v1,v2,v2,v0,v1,v0,v2,v2,v1,v0,v2,v1
217,v2,v2,v2,v2,v2,v1,v1,v0,v1,v2,v2,v2
218,v1,v2,v2,v0,v1,v0,v2,v0,v1,v1,v2,v2
219,v1,v0,v2,v0,v0,v0,v2,v2,v1,v1,v0,v2
220,v1,v2,v2,v2,v1,v1,v2,v0,v1,v0,v2,v1
221,v1,v0,v2,v0,v1,v1,v2,v0,v1,v1,v2,v2
222,v1,v0,v2,v0,v0,v1,v2,v1,v1,v2,v2,v2
223,v1,v0,v2,v0,v1,v0,v2,v0,v1,v1,v2,v2
224,v1,v2,v2,v0,v1,v0,v2,v0,v1,v0,v2,v1
225,v1,v2,v2,v2,v1,v1,v2,v0,v1,v0,v2,v0
226,v1,v0,v2,v0,v2,v0,v2,v0,v1,v1,v2,v2
227,v1,v0,v0,v2,v1,v1,v2,v0,v1,v1,v2,v0
228,v1,v0,v2,v0,v0,v0,v2,v2,v1,v1,v2,v1
229,v1,v0,v2,v0,v0,v2,v2,v1,v1,v1,v2,v1
230,v1,v2,v2,v2,v1,v1,v2,v1,v1,v0,v2,v0
231,v1,v2,v2,v2,v1,v1,v2,v0,v1,v0,v2,v1
232,v1,v2,v2,v0,v1,v1,v2,v0,v1,v0,v2,v1
233,v1,v0,v2,v0,v0,v0,v2,v0,v1,v2,v2,v2
234,v1,v0,v2,v0,v2,v1,v2,v0,v1,v1,v2,v2
235,v1,v0,v0,v2,v2,v2,v2,v1,v1,v2,v2,v2
236,v1,v2,v2,v2,v1,v1,v2,v0,v1,v0,v2,v1
237,v1,v2,v2,v2,v1,v1,v2,v1,v1,v0,v2,v1
238,v1,v0,v2,v0,v1,v1,v2,v0,v1,v1,v2,v2
239,v1,v0,v2,v0,v0,v0,v2,v0,v1,v2,v0,v2
240,v1,v2,v2,v2,v1,v1,v2,v0,v1,v0,v2,v1
241,v1,v0,v2,v0,v0,v0,v2,v0,v1,v1,v2,v2
242,v1,v2,v0,v2,v2,v1,v2,v0,v1,v0,v2,v1
243,v1,v0,v2,v0,v1,v0,v2,v1,v1,v0,v2,v2
244,v1,v2,v2,v2,v1,v1,v2,v0,v1,v0,v2,v1
245,v1,v2,v2,v0,v1,v1,v2,v0,v1,v0,v2,v1
246,v1,v2,v2,v0,v1,v0,v2,v1,v1,v0,v2,v1
247,v1,v2,v2,v0,v1,v1,v2,v0,v1,v1,v2,v1
248,v1,v0,v2,v0,v0,v0,v2,v0,v1,v1,v2,v0
249,v1,v2,v2,v0,v1,v0,v2,v1,v1,v0,v2,v1
250,v0,v0,v0,v2,v2,v1,v0,v0,v1,v0,v2,v2
251,v2,v2,v2,v0,v1,v1,v1,v0,v0,v0,v2,v1
252,v1,v0,v0,v2,v2,v1,v1,v0,v1,v0,v2,v2
253,v1,v0,v2,v0,v0,v1,v2,v0,v1,v1,v2,v1
254,v1,v2,v2,v0,v1,v1,v2,v0,v1,v0,v2,v1
255,v1,v2,v2,v2,v1,v1,v2,v0,v1,v0,v2,v0
256,v1,v2,v2,v0,v2,v1,v0,v0,v0,v1,v2,v1
257,v1,v0,v2,v0,v0,v0,v2,v2,v1,v2,v0,v1
258,v1,v2,v2,v0,v1,v1,v2,v0,v1,v0,v2,v1
259,v1,v0,v2,v0,v0,v1,v2,v1,v1,v2,v2,v1
260,v1,v2,v0,v2,v2,v1,v2,v1,v1,v0,v2,v0
261,v1,v0,v2,v0,v2,v0,v2,v0,v1,v2,v2,v2
262,v1,v2,v0,v0,v1,v0,v2,v1,v1,v2,v2,v0
263,v1,v0,v0,v0,v0,v0,v0,v1,v1,v2,v2,v2
264,v1,v2,v2,v0,v1,v1,v2,v0,v1,v2,v2,v1
265,v1,v0,v2,v2,v0,v1,v2,v0,v1,v2,v2,v0
266,v1,v0,v0,v2,v0,v1,v2,v2,v1,v0,v2,v2
267,v1,v2,v2,v0,v1,v0,v2,v0,v1,v0,v2,v1
268,v1,v2,v2,v0,v1,v0,v2,v0,v1,v0,v2,v1
269,v1,v2,v2,v2,v1,v1,v2,v0,v1,v0,v2,v1
270,v1,v0,v2,v0,v1,v1,v2,v1,v1,v1,v2,v2
271,v1,v0,v2,v0,v1,v2,v2,v2,v1,v1,v0,v1
272,v1,v0,v2,v1,v2,v0,v1,v1,v1,v0,v2,v1
273,v1,v2,v2,v0,v1,v1,v2,v0,v1,v0,v2,v1
274,v1,v0,v0,v0,v2,v0,v2,v1,v1,v0,v2,v2
275,v1,v0,v2,v0,v2,v1,v2,v1,v1,v0,v2,v1
276,v1,v2,v2,v0,v1,v1,v2,v1,v1,v0,v2,v1
277,v2,v0,v2,v0,v1,v1,v2,v0,v1,v1,v2,v1
278,v1,v0,v2,v0,v1,v1,v2,v0,v1,v1,v2,v2
279,v1,v0,v2,v0,v0,v0,v2,v0,v1,v1,v2,v0
280,v1,v2,v2,v0,v1,v1,v2,v0,v1,v0,v2,v1
281,v1,v0,v2,v0,v1,v1,v2,v1,v1,v0,v2,v1
282,v1,v0,v2,v0,v1,v0,v2,v0,v1,v1,v0,v2
283,v1,v2,v2,v0,v1,v0,v2,v0,v1,v2,v2,v1
284,v1,v2,v2,v2,v1,v1,v2,v0,v1,v1,v2,v2
285,v1,v2,v2,v0,v1,v2,v2,v0,v1,v1,v2,v1
286,v1,v2,v2,v2,v1,v1,v2,v0,v1,v0,v2,v1
287,v1,v2,v0,v2,v2,v1,v2,v1,v1,v0,v2,v2
288,v0,v1,v0,v2,v2,v1,v0,v1,v1,v0,v2,v1
289,v1,v2,v2,v0,v1,v0,v2,v2,v1,v1,v1,v1
290,v1,v2,v2,v2,v1,v1,v2,v1,v1,v0,v2,v1
291,v1,v2,v0,v2,v1,v1,v2,v0,v1,v0,v2,v1
292,v1,v0,v2,v0,v0,v0,v2,v0,v1,v1,v2,v0
293,v1,v0,v2,v2,v1,v1,v2,v0,v1,v0,v2,v1
294,v1,v0,v2,v0,v0,v1,v2,v0,v1,v1,v2,v0
295,v1,v2,v2,v0,v1,v1,v2,v0,v1,v1,v0,v1
296,v2,v0,v0,v0,v2,v1,v0,v0,v1,v2,v2,v2
297,v1,v2,v2,v2,v1,v1,v1,v0,v1,v0,v1,v1
298,v1,v2,v2,v0,v1,v0,v2,v0,v1,v0,v2,v1
299,v1,v0,v2,v0,v0,v1,v2,v0,v1,v2,v2,v1
300,v1,v2,v2,v0,v1,v0,v2,v0,v1,v0,v2,v0
301,v1,v2,v2,v0,v1,v0,v2,v0,v1,v1,v2,v0
302,v1,v0,v2,v0,v1,v2,v2,v1,v1,v2,v2,v2
303,v1,v0,v2,v2,v1,v1,v2,v0,v1,v0,v2,v0
304,v1,v0,v2,v0,v1,v0,v2,v0,v1,v1,v2,v2
305,v1,v0,v2,v0,v0,v1,v2,v0,v1,v2,v2,v1
306,v1,v2,v2,v0,v1,v1,v2,v1,v1,v0,v2,v1
307,v1,v2,v2,v0,v1,v1,v2,v0,v1,v0,v2,v1
308,v1,v0,v2,v0,v1,v0,v2,v0,v1,v1,v2,v2
309,v1,v2,v2,v2,v1,v1,v2,v1,v1,v0,v2,v1
310,v1,v0,v2,v0,v1,v0,v2,v0,v1,v1,v0,v0
311,v1,v0,v2,v0,v1,v0,v2,v0,v1,v1,v0,v2
312,v2,v0,v0,v2,v2,v1,v1,v1,v0,v1,v2,v2
313,v0,v0,v2,v2,v1,v1,v1,v0,v1,v1,v2,v2
314,v1,v2,v2,v0,v1,v1,v2,v1,v1,v0,v2,v1
315,v1,v2,v2,v2,v1,v1,v2,v0,v1,v0,v2,v1
316,v1,v0,v0,v0,v0,v0,v2,v0,v1,v2,v2,v0
317,v1,v0,v0,v2,v2,v1,v0,v1,v1,v0,v2,v2
318,v1,v2,v2,v0,v1,v1,v2,v1,v1,v0,v2,v1
319,v1,v0,v2,v0,v2,v0,v2,v0,v1,v1,v2,v1
320,v1,v2,v0,v2,v1,v1,v2,v1,v1,v0,v2,v0
321,v1,v0,v2,v1,v2,v2,v1,v0,v1,v0,v2,v2
322,v1,v0,v2,v0,v0,v0,v0,v0,v1,v2,v2,v2
323,v1,v2,v2,v0,v1,v1,v2,v1,v1,v0,v2,v1
324,v1,v0,v0,v0,v0,v0,v0,v0,v1,v2,v0,v2
325,v1,v2,v0,v2,v2,v1,v2,v1,v1,v0,v2,v2
326,v2,v0,v0,v2,v2,v1,v0,v0,v1,v0,v2,v2
327,v1,v2,v2,v0,v1,v1,v2,v0,v1,v1,v0,v1
328,v1,v0,v2,v0,v0,v2,v2,v0,v1,v2,v2,v2
329,v2,v0,v2,v0,v2,v0,v2,v0,v1,v1,v2,v1
330,v1,v0,v2,v0,v0,v0,v2,v0,v1,v2,v0,v2
331,v1,v0,v0,v2,v0,v1,v2,v1,v1,v1,v2,v0
332,v1,v2,v2,v2,v1,v1,v2,v0,v1,v0,v2,v2
333,v1,v0,v2,v0,v2,v1,v2,v0,v1,v1,v2,v1
334,v1,v2,v0,v2,v1,v1,v2,v0,v1,v0,v2,v0
335,v1,v0,v2,v0,v2,v2,v2,v0,v1,v1,v2,v2
336,v1,v0,v0,v0,v1,v0,v2,v1,v1,v0,v2,v2
337,v1,v2,v2,v0,v1,v0,v2,v0,v1,v0,v2,v1
338,v1,v2,v2,v0,v1,v0,v2,v0,v1,v1,v2,v2
339,v1,v2,v2,v0,v1,v0,v2,v0,v1,v2,v2,v0
340,v1,v2,v2,v0,v1,v1,v2,v0,v1,v1,v2,v1
341,v1,v2,v2,v0,v1,v1,v2,v1,v1,v0,v2,v1
342,v1,v0,v2,v0,v0,v0,v2,v0,v1,v2,v2,v2
343,v2,v0,v2,v0,v2,v1,v2,v0,v1,v2,v2,v1
344,v0,v0,v2,v2,v2,v1,v1,v0,v1,v1,v2,v2
345,v1,v0,v2,v2,v2,v1,v2,v0,v1,v0,v2,v2
346,v1,v2,v2,v0,v1,v1,v2,v0,v1,v1,v2,v1
347,v1,v2,v2,v2,v1,v1,v2,v0,v1,v0,v2,v1
348,v1,v2,v2,v0,v1,v2,v2,v0,v1,v0,v2,v1
349,v1,v0,v2,v0,v0,v1,v2,v0,v1,v2,v2,v2
350,v1,v0,v2,v0,v1,v0,v2,v0,v1,v1,v2,v2
351,v1,v0,v0,v2,v2,v1,v2,v1,v1,v0,v2,v0
352,v1,v2,v2,v0,v1,v0,v2,v0,v1,v1,v2,v0
353,v1,v2,v0,v2,v1,v1,v2,v1,v1,v0,v2,v1
354,v1,v0,v2,v0,v0,v0,v2,v2,v1,v2,v2,v2
355,v1,v2,v2,v0,v1,v1,v2,v0,v1,v2,v2,v1
356,v1,v2,v2,v0,v1,v0,v2,v0,v1,v0,v2,v1
357,v1,v2,v2,v0,v2,v0,v2,v0,v0,v1,v2,v1
358,v1,v0,v2,v0,v1,v2,v2,v0,v1,v1,v0,v2
359,v1,v2,v0,v0,v2,v1,v2,v0,v1,v1,v2,v1
360,v1,v2,v2,v0,v1,v0,v2,v0,v0,v0,v2,v1
361,v1,v2,v2,v2,v1,v2,v2,v0,v1,v0,v2,v1
362,v1,v2,v2,v0,v1,v0,v2,v0,v1,v2,v2,v1
363,v1,v0,v0,v0,v0,v1,v2,v1,v1,v2,v2,v0
364,v1,v0,v2,v0,v0,v0,v2,v0,v1,v2,v2,v2
365,v1,v0,v0,v2,v2,v1,v0,v0,v1,v1,v2,v0
366,v1,v2,v2,v2,v1,v1,v2,v0,v1,v0,v2,v1
367,v1,v0,v0,v2,v2,v1,v0,v1,v1,v0,v2,v0
368,v1,v0,v0,v2,v2,v1,v0,v0,v1,v0,v2,v0
369,v1,v2,v2,v0,v1,v1,v2,v0,v1,v0,v2,v1
370,v1,v2,v0,v2,v1,v1,v2,v1,v1,v1,v2,v2
371,v1,v0,v2,v0,v0,v0,v2,v1,v1,v1,v2,v0
372,v1,v0,v0,v0,v0,v0,v2,v1,v1,v2,v2,v1
373,v0,v0,v0,v2,v2,v1,v0,v1,v1,v0,v2,v2
374,v0,v2,v2,v2,v1,v1,v1,v0,v1,v2,v0,v2
375,v1,v2,v0,v2,v1,v1,v2,v1,v1,v0,v2,v0
376,v1,v0,v2,v2,v1,v1,v2,v0,v1,v0,v0,v0
377,v1,v2,v2,v0,v1,v0,v2,v0,v1,v0,v2,v0
378,v1,v2,v0,v2,v1,v1,v2,v1,v1,v0,v2,v0
379,v1,v2,v2,v0,v1,v0,v2,v0,v1,v1,v2,v2
380,v1,v2,v0,v2,v1,v1,v2,v1,v1,v0,v2,v1
381,v1,v2,v2,v0,v1,v1,v2,v0,v1,v1,v2,v1
382,v1,v2,v2,v2,v1,v1,v2,v0,v1,v0,v2,v1
383,v1,v2,v2,v2,v1,v1,v2,v0,v1,v0,v2,v1
384,v1,v0,v2,v1,v1,v1,v2,v1,v1,v0,v2,v2
385,v1,v2,v2,v0,v1,v2,v2,v1,v1,v0,v2,v1
386,v1,v2,v2,v2,v1,v1,v2,v0,v1,v0,v2,v1
387,v1,v2,v2,v0,v1,v1,v2,v0,v1,v0,v2,v1
388,v1,v2,v2,v2,v1,v1,v2,v0,v1,v0,v2,v1
389,v1,v0,v2,v0,v1,v1,v2,v0,v1,v1,v2,v0
390,v1,v2,v2,v0,v1,v0,v2,v0,v1,v0,v2,v0
391,v1,v2,v2,v0,v1,v1,v2,v1,v1,v0,v2,v1
392,v0,v0,v0,v2,v2,v1,v2,v0,v1,v2,v2,v1
393,v2,v0,v2,v0,v2,v1,v2,v0,v1,v1,v2,v2
394,v1,v0,v2,v0,v0,v0,v2,v1,v1,v2,v2,v2
395,v1,v2,v2,v0,v1,v2,v2,v0,v1,v1,v2,v1
396,v1,v0,v2,v0,v0,v2,v2,v0,v1,v2,v2,v1
397,v1,v2,v2,v0,v1,v1,v2,v1,v1,v0,v2,v1
398,v1,v2,v2,v0,v1,v0,v2,v1,v1,v0,v2,v1
399,v1,v0,v0,v2,v2,v1,v2,v1,v1,v0,v2,v2
400,v1,v2,v2,v2,v1,v1,v2,v0,v1,v0,v0,v1
401,v2,v2,v2,v0,v1,v0,v2,v0,v1,v1,v2,v1
402,v1,v0,v0,v2,v2,v1,v0,v1,v1,v0,v2,v1
403,v1,v0,v1,v0,v2,v0,v0,v0,v1,v0,v2,v1
404,v1,v2,v2,v0,v1,v0,v2,v0,v1,v0,v2,v1
405,v1,v0,v2,v2,v1,v1,v2,v0,v1,v0,v2,v1
406,v1,v2,v2,v0,v1,v1,v2,v0,v1,v0,v2,v1
407,v1,v0,v2,v0,v0,v0,v2,v0,v1,v2,v2,v2
408,v1,v2,v2,v0,v1,v0,v2,v0,v1,v0,v2,v1
409,v1,v0,v2,v0,v0,v0,v2,v0,v1,v2,v2,v2
410,v1,v2,v2,v0,v1,v0,v2,v0,v1,v0,v2,v1
411,v1,v2,v2,v0,v1,v1,v2,v0,v1,v0,v2,v1
412,v1,v2,v2,v0,v1,v1,v2,v0,v1,v0,v2,v1
413,v1,v2,v2,v0,v1,v0,v2,v0,v1,v1,v2,v1
414,v1,v0,v2,v0,v0,v0,v2,v0,v1,v1,v0,v2
415,v1,v2,v2,v0,v1,v1,v2,v0,v1,v2,v2,v1
416,v1,v0,v2,v0,v1,v0,v2,v0,v1,v1,v2,v2
417,v1,v0,v2,v0,v1,v1,v2,v0,v1,v2,v2,v1
418,v1,v0,v0,v1,v2,v0,v2,v1,v1,v2,v2,v2
419,v1,v2,v2,v2,v1,v1,v1,v0,v1,v0,v0,v1
420,v1,v0,v2,v0,v1,v0,v2,v0,v1,v1,v2,v2
421,v1,v0,v2,v0,v1,v1,v2,v0,v1,v1,v2,v2
422,v1,v0,v2,v0,v2,v0,v2,v0,v1,v1,v2,v2
423,v1,v0,v0,v0,v0,v1,v2,v1,v1,v2,v2,v2
424,v1,v2,v2,v0,v1,v2,v2,v1,v1,v0,v2,v1
425,v1,v2,v2,v0,v1,v1,v2,v1,v1,v0,v2,v1
426,v0,v0,v0,v2,v2,v1,v0,v0,v1,v2,v2,v0
427,v1,v0,v0,v0,v2,v1,v2,v1,v1,v2,v2,v1
428,v1,v0,v2,v0,v1,v2,v2,v1,v1,v2,v2,v2
429,v1,v0,v0,v2,v2,v1,v1,v0,v0,v0,v2,v2
430,v1,v2,v2,v0,v1,v1,v2,v0,v1,v0,v2,v1
431,v2,v0,v2,v1,v2,v1,v2,v0,v1,v2,v2,v2
432,v1,v0,v1,v0,v2,v0,v0,v0,v0,v1,v0,v1
433,v1,v0,v2,v0,v2,v0,v2,v0,v1,v2,v2,v2
434,v1,v2,v2,v2,v1,v1,v2,v0,v1,v0,v2,v1
435,v1,v0,v0,v2,v1,v1,v2,v1,v1,v0,v2,v1
436,v1,v0,v2,v1,v0,v1,v2,v0,v1,v2,v2,v2
437,v1,v1,v2,v0,v1,v0,v2,v1,v1,v0,v2,v0
438,v1,v0,v2,v0,v1,v0,v2,v0,v1,v1,v2,v2
439,v1,v2,v2,v0,v1,v1,v2,v0,v1,v0,v2,v1
440,v1,v2,v2,v0,v1,v1,v2,v0,v1,v1,v2,v1
441,v1,v2,v2,v2,v1,v1,v2,v0,v1,v0,v1,v1
442,v1,v0,v2,v0,v0,v2,v2,v1,v1,v1,v2,v2
443,v1,v2,v2,v0,v1,v1,v2,v1,v1,v0,v2,v1
444,v1,v0,v0,v0,v1,v1,v2,v0,v1,v2,v0,v2
445,v1,v0,v2,v0,v2,v1,v2,v0,v1,v0,v2,v1
446,v1,v2,v2,v0,v1,v1,v2,v1,v1,v0,v2,v1
447,v1,v2,v2,v2,v1,v1,v2,v0,v1,v2,v2,v1
448,v1,v0,v0,v2,v2,v1,v2,v0,v1,v0,v2,v1
449,v1,v2,v1,v0,v2,v0,v2,v0,v0,v1,v2,v1
450,v1,v0,v2,v0,v0,v0,v2,v0,v1,v2,v0,v2
451,v1,v0,v2,v0,v1,v0,v2,v0,v1,v2,v2,v2
452,v1,v2,v2,v0,v1,v0,v2,v1,v1,v0,v2,v1
453,v1,v0,v2,v2,v1,v2,v2,v0,v1,v0,v2,v0
454,v1,v2,v2,v0,v1,v1,v2,v1,v1,v1,v2,v2
455,v1,v0,v0,v0,v0,v2,v2,v1,v1,v2,v2,v2
456,v1,v2,v0,v2,v0,v1,v2,v1,v1,v1,v2,v0
457,v1,v2,v2,v0,v1,v1,v2,v0,v1,v1,v2,v1
458,v1,v2,v2,v2,v1,v1,v2,v0,v1,v0,v2,v0
459,v1,v2,v2,v0,v1,v1,v2,v0,v1,v0,v2,v1
460,v1,v0,v2,v0,v1,v0,v2,v0,v1,v2,v2,v2
461,v1,v2,v2,v0,v1,v2,v2,v1,v1,v0,v2,v1
462,v1,v0,v0,v2,v2,v1,v2,v0,v1,v0,v2,v2
463,v1,v2,v2,v0,v1,v1,v2,v0,v1,v0,v2,v1
464,v1,v2,v2,v0,v1,v0,v2,v0,v1,v0,v2,v1
465,v1,v2,v2,v2,v1,v1,v2,v0,v1,v0,v0,v1
466,v1,v2,v2,v0,v1,v1,v2,v0,v1,v0,v2,v1
467,v1,v2,v2,v0,v1,v1,v2,v0,v1,v0,v2,v1
468,v1,v2,v2,v2,v1,v1,v2,v1,v1,v0,v2,v1
469,v1,v0,v0,v0,v0,v0,v2,v1,v1,v2,v2,v0
470,v1,v2,v2,v0,v1,v0,v2,v0,v1,v1,v2,v1
471,v2,v0,v2,v0,v1,v0,v2,v0,v1,v1,v2,v2
472,v1,v0,v0,v0,v1,v0,v2,v0,v1,v2,v2,v2
473,v1,v2,v2,v2,v1,v1,v2,v0,v1,v0,v2,v1
474,v1,v0,v2,v0,v1,v2,v2,v0,v1,v1,v2,v2
475,v1,v2,v0,v0,v1,v1,v2,v1,v1,v2,v2,v2
476,v1,v0,v2,v0,v0,v0,v2,v1,v1,v2,v2,v2
477,v1,v0,v2,v0,v1,v1,v2,v1,v1,v1,v2,v2
478,v1,v2,v2,v2,v1,v1,v2,v0,v1,v0,v2,v1
479,v1,v0,v0,v0,v2,v1,v2,v0,v1,v0,v2,v2
480,v1,v2,v2,v0,v1,v1,v2,v0,v1,v0,v2,v1
481,v2,v0,v2,v0,v1,v0,v2,v0,v1,v1,v2,v2
482,v1,v0,v2,v0,v0,v1,v2,v1,v1,v1,v2,v2
483,v1,v2,v2,v2,v1,v1,v2,v1,v1,v0,v2,v1
484,v1,v2,v2,v0,v1,v1,v2,v1,v1,v2,v2,v1
485,v1,v2,v2,v2,v1,v1,v2,v0,v1,v0,v2,v1
486,v1,v0,v2,v0,v1,v0,v2,v0,v1,v1,v2,v2
487,v1,v0,v0,v0,v0,v2,v2,v0,v1,v2,v2,v0
488,v1,v2,v2,v0,v2,v1,v2,v0,v0,v1,v2,v1
489,v1,v2,v2,v0,v1,v0,v2,v1,v1,v0,v2,v1
490,v1,v2,v2,v0,v1,v1,v2,v0,v1,v0,v2,v1
491,v1,v2,v2,v2,v1,v1,v2,v0,v1,v0,v2,v1
492,v1,v0,v0,v0,v0,v1,v2,v0,v1,v2,v2,v1
493,v1,v0,v2,v0,v2,v0,v2,v0,v1,v1,v2,v2
494,v1,v2,v2,v0,v1,v2,v2,v1,v1,v0,v2,v1
495,v1,v2,v2,v0,v1,v1,v2,v0,v1,v0,v2,v1
496,v1,v0,v0,v1,v0,v1,v2,v0,v1,v2,v2,v2
497,v2,v0,v2,v0,v1,v0,v2,v0,v1,v2,v2,v2
498,v1,v0,v2,v0,v0,v1,v2,v0,v1,v2,v2,v1
499,v1,v0,v0,v0,v0,v1,v2,v1,v1,v2,v2,v1
